airport_code,airport_name,country_code,country_name,status
ADL,Adelaide International,AU,Australia,
ADQ,Kodiak Apt,US,USA,
ADU,Ardabil,IR,Iran Islamic Republic of,
ADV,Addeain,SD,Sudan,I
ADW,Camp Springs,US,USA,
ADZ,San Andres Island,CO,Colombia,
AEB,Baise,CN,China,
AEP,Buenos Aires Aeroparque J. Newbery,AR,Argentina,
AER,Sochi,RU,Russian Federation,
AES,Alesund,NO,Norway,
AEX,Alexandria International Apt,US,USA,
AEY,Akureyri,IS,Iceland,
AFA,San Rafael,AR,Argentina,
AGA,Agadir,MA,Morocco,
AGB,Munich Augsburg Airport,DE,Germany,
AGF,Agen,FR,France,
AGH,Angelholm/Helsingborg Angelholm Apt,SE,Sweden,
AGM,Tasiilaq,GL,Greenland,
AGP,Malaga Airport,ES,Spain,
AGR,Agra,IN,India,
AGS,Augusta Regional (Bush Field),US,USA,
AGT,Ciudad del Este,PY,Paraguay,
AGU,Aguascalientes,MX,Mexico,
AGX,Agatti Island,IN,India,
AHB,Abha,SA,Saudi Arabia,
AHE,Ahe,PF,French Polynesia,
AHN,Athens,US,USA,I
AHO,Alghero,IT,Italy,
AHU,Al Hoceima,MA,Morocco,
AIA,Alliance,US,USA,
AIT,Aitutaki Island,CK,Cook Islands,
AIU,Atiu Island,CK,Cook Islands,I
AJA,Ajaccio,FR,France,
AJF,Jouf,SA,Saudi Arabia,
AJL,Aizawl,IN,India,
AJN,Anjouan,KM,Comoros,
AJR,Arvidsjaur,SE,Sweden,
AJU,Aracaju,BR,Brazil,
AKB,Atka,US,USA,
AKF,Kufra,LY,Libya,
AKJ,Asahikawa,JP,Japan,
AKL,Auckland International Apt,NZ,New Zealand,
AKN,King Salmon,US,USA,
AKS,Auki,SB,Solomon Islands,
AKU,Aksu,CN,China,
AKV,Akulivik,CA,Canada,
AKX,Aktobe,KZ,Kazakhstan,
AKY,Sittwe,MM,Myanmar,
ALA,Almaty,KZ,Kazakhstan,
ALB,Albany International Airport,US,USA,
ALC,Alicante Airport,ES,Spain,
ALF,Alta,NO,Norway,
ALG,Algiers,DZ,Algeria,
ALH,Albany,AU,Australia,
ALO,Waterloo,US,USA,
ALP,Aleppo,SY,Syrian Arab Republic,
ALS,Alamosa,US,USA,
AAA,Anaa,PF,French Polynesia,
AAE,Annaba,DZ,Algeria,
AAL,Aalborg Airport,DK,Denmark,
AAN,Al Ain,AE,United Arab Emirates,
AAQ,Anapa,RU,Russian Federation,
AAR,Aarhus Tirstrup Airport,DK,Denmark,
AAT,Altay,CN,China,
AAY,Al Ghaydah,YE,Yemen,I
ABA,Abakan,RU,Russian Federation,
ABB,Asaba,NG,Nigeria,
ABD,Abadan,IR,Iran Islamic Republic of,
ABE,Allentown/Bethlehem/Easton,US,USA,
ABI,Abilene Regional Apt,US,USA,
ABJ,Abidjan,CI,Cote d'Ivoire,
ABK,Kebri Dehar,ET,Ethiopia,
ABL,Ambler,US,USA,
ABQ,Albuquerque,US,USA,
ABR,Aberdeen,US,USA,
ABS,Abu Simbel,EG,Egypt,
ABT,Al Baha,SA,Saudi Arabia,
ABV,Abuja,NG,Nigeria,
ABX,Albury,AU,Australia,
ABY,Albany,US,USA,
ABZ,Aberdeen,GB,United Kingdom,
ACA,Acapulco,MX,Mexico,
ACC,Accra,GH,Ghana,
ACE,Lanzarote,ES,Spain,
ACH,Altenrhein,CH,Switzerland,
ACI,Alderney,GB,United Kingdom,
ACK,Nantucket,US,USA,
ACT,Waco Regional Apt,US,USA,
ACV,Arcata/Eureka,US,USA,
ACX,Xingyi,CN,China,
ACY,Atlantic City International,US,USA,
ADA,Adana,TR,Turkey,
ADB,Izmir Adnan Menderes Apt,TR,Turkey,
ADD,Addis Ababa,ET,Ethiopia,
ADE,Aden,YE,Yemen,
ADK,Adak Island,US,USA,
ALW,Walla Walla,US,USA,
AMA,Amarillo Rick Husband Intl Apt,US,USA,
AMD,Ahmedabad,IN,India,
AMH,Arba Minch,ET,Ethiopia,
AMM,Amman Queen Alia International Apt,JO,Jordan,
AMS,Amsterdam,NL,Netherlands,
ANC,Anchorage Ted Stevens Intl Apt,US,USA,
ANE,Angers Marce Airport,FR,France,
ANF,Antofagasta,CL,Chile,
ANG,Angouleme,FR,France,I
ANI,Aniak,US,USA,
ANM,Antalaha,MG,Madagascar,I
ANR,Antwerp,BE,Belgium,
ANS,Andahuaylas,PE,Peru,
ANU,Antigua,AG,"Antigua and Barbuda, Leeward Islands",
ANV,Anvik,US,USA,
ANX,Andenes,NO,Norway,
AOG,Anshan,CN,China,
AOI,Ancona,IT,Italy,
AOJ,Aomori,JP,Japan,
AOK,Karpathos,GR,Greece,
AOO,Altoona,US,USA,
AOR,Alor Setar,MY,Malaysia,
AOS,Amook Bay,US,USA,
APF,Naples,US,USA,
APK,Apataki,PF,French Polynesia,
APL,Nampula,MZ,Mozambique,
APN,Alpena,US,USA,
APO,Apartado,CO,Colombia,
APW,Apia Faleolo Apt,WS,Samoa,
AQG,Anqing,CN,China,
AQI,Qaisumah,SA,Saudi Arabia,
AQJ,Aqaba,JO,Jordan,
AQP,Arequipa,PE,Peru,
ARA,New Iberia,US,USA,I
ARH,Arkhangelsk,RU,Russian Federation,
ARI,Arica,CL,Chile,
ARK,Arusha,TZ,Tanzania United Republic of,
ARM,Armidale,AU,Australia,
ARN,Stockholm Arlanda Apt,SE,Sweden,
ART,Watertown,US,USA,
ARW,Arad,RO,Romania,
ASB,Ashgabat,TM,Turkmenistan,
ASE,Aspen,US,USA,
ASF,Astrakhan,RU,Russian Federation,
ASJ,Amami,JP,Japan,
ASM,Asmara,ER,Eritrea,
ASO,Asosa,ET,Ethiopia,
ASP,Alice Springs Airport,AU,Australia,
ASR,Kayseri,TR,Turkey,
ASU,Asuncion,PY,Paraguay,
ASV,Amboseli,KE,Kenya,
ASW,Aswan,EG,Egypt,
ATC,Arthur's Town,BS,Bahamas,
ATD,Atoifi,SB,Solomon Islands,
ATH,Athens,GR,Greece,
ATL,Atlanta Hartsfield-Jackson Intl Apt,US,USA,
ATQ,Amritsar,IN,India,
ATW,Appleton,US,USA,
ATY,Watertown,US,USA,
ATZ,Asyut,EG,Egypt,
AUA,Aruba,AW,Aruba,
AUC,Arauca,CO,Colombia,
AUG,Augusta,US,USA,
AUH,Abu Dhabi International Apt,AE,United Arab Emirates,
AUK,Alakanuk,US,USA,
AUQ,Hiva Oa,PF,French Polynesia,
AUR,Aurillac,FR,France,
AUS,Austin-Bergstrom International Apt,US,USA,
AUX,Araguaina,BR,Brazil,
AUY,Aneityum,VU,Vanuatu,
AVA,Anshun,CN,China,
AVL,Asheville/Hendersonville,US,USA,
AVN,Avignon Caumont Airport,FR,France,
AVP,Wilkes-Barre/Scranton International Apt,US,USA,
AVV,Melbourne Avalon Airport,AU,Australia,
AWD,Aniwa,VU,Vanuatu,
AWZ,Ahwaz,IR,Iran Islamic Republic of,
AXA,Anguilla,AI,"Anguilla, Leeward Islands",
AXD,Alexandroupolis,GR,Greece,
AXK,Ataq,YE,Yemen,I
AXM,Armenia,CO,Colombia,
AXP,Spring Point,BS,Bahamas,
AXR,Arutua,PF,French Polynesia,
AXT,Akita,JP,Japan,
AXU,Axum,ET,Ethiopia,
AYP,Ayacucho,PE,Peru,
AYQ,Ayers Rock,AU,Australia,
AYT,Antalya,TR,Turkey,
AZA,Phoenix Mesa Gateway Airport,US,USA,
AZD,Yazd,IR,Iran Islamic Republic of,
AZI,Abu Dhabi Bateen Apt,AE,United Arab Emirates,I
AZN,Andizhan,UZ,Uzbekistan,
AZO,Kalamazoo/Battle Creek,US,USA,
AZR,Adrar,DZ,Algeria,
AZS,Samana,DO,Dominican Republic,
BAH,Bahrain,BH,Bahrain,
BAQ,Barranquilla,CO,Colombia,
BAS,Balalae,SB,Solomon Islands,
BAV,Baotou,CN,China,
BAX,Barnaul,RU,Russian Federation,
BAY,Baia Mare,RO,Romania,I
BBA,Balmaceda,CL,Chile,
BBI,Bhubaneshwar,IN,India,
BBK,Kasane,BW,Botswana,
BBN,Bario,MY,Malaysia,
BCD,Bacolod,PH,Philippines,
BCI,Barcaldine,AU,Australia,
BCM,Bacau,RO,Romania,
BCN,Barcelona Apt,ES,Spain,
BDA,Bermuda,BM,Bermuda,
BDB,Bundaberg,AU,Australia,
BDH,Bandar Lengeh,IR,Iran Islamic Republic of,
BDJ,Banjarmasin,ID,Indonesia,
BDL,Hartford Bradley International Apt,US,USA,
BDO,Bandung,ID,Indonesia,
BDP,Bhadrapur,NP,Nepal,
BDQ,Vadodara,IN,India,
BDS,Brindisi,IT,Italy,
BDU,Bardufoss,NO,Norway,
BEB,Benbecula,GB,United Kingdom,
BEG,"Belgrade, Nikola Tesla",RS,Serbia,
BEJ,Tanjung Redeb,ID,Indonesia,
BEL,Belem,BR,Brazil,
BEM,Beni Mellal,MA,Morocco,
BEN,Benghazi,LY,Libya,
BER,Berlin Brandenburg Apt,DE,Germany,
BES,Brest,FR,France,
BET,Bethel Apt,US,USA,
BEW,Beira,MZ,Mozambique,
BEY,Beirut,LB,Lebanon,
BFD,Bradford,US,USA,
BFF,Scottsbluff,US,USA,
BFI,Seattle Boeing Fld-King Co Int,US,USA,
BFJ,Bijie,CN,China,
BFL,Bakersfield,US,USA,
BFN,Bloemfontein,ZA,South Africa,
BFS,Belfast International Apt,GB,United Kingdom,
BFV,Buriram,TH,Thailand,
BGA,Bucaramanga,CO,Colombia,
BGF,Bangui,CF,Central African Republic,
BGI,Barbados,BB,Barbados,
BGM,Binghamton,US,USA,
BGO,Bergen,NO,Norway,
BGR,Bangor,US,USA,
BGW,Baghdad,IQ,Iraq,
BGY,Milan Bergamo/Orio al Serio Apt,IT,Italy,
BHB,Bar Harbor,US,USA,
BHD,Belfast George Best City Apt,GB,United Kingdom,
BHE,Blenheim,NZ,New Zealand,
BHH,Bisha,SA,Saudi Arabia,
BHI,Bahia Blanca,AR,Argentina,
BHJ,Bhuj,IN,India,
BHK,Bukhara,UZ,Uzbekistan,
BHM,Birmingham,US,USA,
BHO,Bhopal,IN,India,
BHR,Bharatpur,NP,Nepal,
BHU,Bhavnagar,IN,India,
BHV,Bahawalpur,PK,Pakistan,
BHX,Birmingham Airport,GB,United Kingdom,
BHY,Beihai,CN,China,
BIA,Bastia,FR,France,
BIB,Baidoa,SO,Somalia,I
BID,Block Island,US,USA,
BIF,El Paso Biggs AAF,US,USA,
BIK,Biak,ID,Indonesia,
BIL,Billings,US,USA,
BIM,Bimini,BS,Bahamas,
BIN,Bamyan,AF,Afghanistan,
BIO,Bilbao,ES,Spain,
BIQ,Biarritz,FR,France,
BIR,Biratnagar,NP,Nepal,
BIS,Bismarck,US,USA,
BJA,Bejaia,DZ,Algeria,
BJF,Batsfjord,NO,Norway,
BJI,Bemidji,US,USA,
BJL,Banjul,GM,Gambia,
BJM,Bujumbura,BI,Burundi,
BJR,Bahar Dar,ET,Ethiopia,
BJV,Bodrum Milas Airport,TR,Turkey,
BJX,Leon/Guanajuato,MX,Mexico,
BJZ,Badajoz,ES,Spain,
BKC,Buckland,US,USA,
BKG,Branson,US,USA,
BKI,Kota Kinabalu,MY,Malaysia,
BKK,Bangkok Suvarnabhumi International Apt,TH,Thailand,
BKM,Bakelalan,MY,Malaysia,
BKO,Bamako,ML,Mali,
BKQ,Blackall,AU,Australia,
BKS,Bengkulu,ID,Indonesia,
BKW,Beckley,US,USA,
BKZ,Bukoba,TZ,Tanzania United Republic of,
BLA,Barcelona,VE,Venezuela,
BLD,Las Vegas Boulder City Airport,US,USA,
BLI,Bellingham,US,USA,
BLJ,Batna,DZ,Algeria,
BLK,Blackpool,GB,United Kingdom,
BLL,Billund,DK,Denmark,
BLQ,Bologna Guglielmo Marconi,IT,Italy,
BLR,Bengaluru,IN,India,
BLV,Belleville,US,USA,
BLZ,Blantyre,MW,Malawi,
BMA,Stockholm Bromma Apt,SE,Sweden,
BME,Broome,AU,Australia,
BMI,Bloomington/Normal,US,USA,
BMO,Bhamo,MM,Myanmar,
BMU,Bima,ID,Indonesia,
BMV,Ban Me Thuot,VN,Viet Nam,
BMW,Bordj Mokhtar,DZ,Algeria,
BMY,Ile Art,NC,New Caledonia,
BNA,Nashville,US,USA,
BND,Bandar Abbas,IR,Iran Islamic Republic of,
BNE,Brisbane,AU,Australia,
BNI,Benin City,NG,Nigeria,
BNK,Ballina,AU,Australia,
BNN,Bronnoysund,NO,Norway,
BNS,Barinas,VE,Venezuela,
BNX,Banja Luka,BA,Bosnia and Herzegovina,
BNY,Bellona,SB,Solomon Islands,
BOB,Bora Bora,PF,French Polynesia,
BOD,Bordeaux Merignac Apt,FR,France,
BOG,Bogota,CO,Colombia,
BOH,Bournemouth,GB,United Kingdom,
BOI,Boise,US,USA,
BOJ,Burgas,BG,Bulgaria,
BOM,Mumbai,IN,India,
BON,Bonaire,BQ,"Bonaire, Saint Eustatius and Saba",
BOO,Bodo,NO,Norway,
BOS,Boston Edward L Logan Intl Apt,US,USA,
BOY,Bobo Dioulasso,BF,Burkina Faso,
BPL,Bole,CN,China,
BPM,Hyderabad Begumpet Airport,IN,India,
BPN,Balikpapan,ID,Indonesia,
BPS,Porto Seguro,BR,Brazil,
BPT,Beaumont/Port Arthur J. Brooks Regional,US,USA,
BPX,Qamdo/Changdu,CN,China,
BQB,Busselton,AU,Australia,
BQK,Brunswick Golden Isles,US,USA,
BQN,Aguadilla,PR,Puerto Rico,
BQS,Blagoveschensk,RU,Russian Federation,
BQT,Brest,BY,Belarus,
BRA,Barreiras,BR,Brazil,
BRC,San Carlos Bariloche,AR,Argentina,
BRD,Brainerd,US,USA,
BRE,Bremen,DE,Germany,
BRI,Bari,IT,Italy,
BRL,Burlington,US,USA,
BRM,Barquisimeto,VE,Venezuela,
BRN,Berne Belp,CH,Switzerland,
BRO,Brownsville,US,USA,
BRQ,Brno,CZ,Czech Republic,
BRR,Barra,GB,United Kingdom,
BRS,Bristol,GB,United Kingdom,
BRU,Brussels Airport,BE,Belgium,
BRW,Barrow,US,USA,
BSA,Bosaso,SO,Somalia,
BSB,Brasilia,BR,Brazil,
BSD,Baoshan,CN,China,
BSG,Bata,GQ,Equatorial Guinea,
BSK,Biskra,DZ,Algeria,
BSL,Basel,CH,Switzerland,
BSO,Basco,PH,Philippines,
BSR,Basrah,IQ,Iraq,
BST,Lashkar Gah,AF,Afghanistan,
BTC,Batticaloa,LK,Sri Lanka,
BTH,Batam,ID,Indonesia,
BTJ,Banda Aceh,ID,Indonesia,
BTM,Butte,US,USA,
BTR,Baton Rouge,US,USA,
BTS,Bratislava,SK,Slovakia,
BTU,Bintulu,MY,Malaysia,
BTV,Burlington,US,USA,
BUA,Buka,PG,Papua New Guinea,
BUD,Budapest,HU,Hungary,
BUF,Buffalo,US,USA,
BUL,Bulolo,PG,Papua New Guinea,
BUN,Buenaventura,CO,Colombia,
BUQ,Bulawayo,ZW,Zimbabwe,
BUR,Burbank,US,USA,
BUS,Batumi,GE,Georgia,
BUW,Baubau,ID,Indonesia,
BUZ,Bushehr,IR,Iran Islamic Republic of,
BVA,Paris Beauvais-Tille Airport,FR,France,
BVB,Boa Vista,BR,Brazil,
BVC,Boa Vista Island,CV,Cape Verde,
BVE,Brive-la-Gaillarde,FR,France,
BVG,Berlevag,NO,Norway,
BVI,Birdsville,AU,Australia,
BWA,Bhairawa,NP,Nepal,
BWI,Baltimore Washington International Apt,US,USA,
BWK,Brac,HR,Croatia,
BWN,Bandar Seri Begawan,BN,Brunei Darussalam,
BWT,Burnie,AU,Australia,
BXU,Butuan,PH,Philippines,
BYC,Yacuiba,BO,Bolivia,
BYK,Bouake,CI,Cote d'Ivoire,
BYN,Bayankhongor,MN,Mongolia,I
BZE,Belize City Goldson Intl Apt,BZ,Belize,
BZG,Bydgoszcz,PL,Poland,
BZK,Bryansk,RU,Russian Federation,
BZL,Barisal,BD,Bangladesh,
BZN,Bozeman,US,USA,
BZO,Bolzano/Bozen,IT,Italy,I
BZV,Brazzaville,CG,Congo,
CAC,Cascavel,BR,Brazil,
CAE,Columbia Metropolitan Apt,US,USA,
CAG,Cagliari,IT,Italy,
CAH,Ca Mau,VN,Viet Nam,
CAI,Cairo International,EG,Egypt,
CAJ,Canaima,VE,Venezuela,I
CAK,Akron/Canton Regional,US,USA,
CAL,Campbeltown,GB,United Kingdom,
CAN,Guangzhou,CN,China,
CAY,Cayenne,GF,French Guiana,
CBB,Cochabamba,BO,Bolivia,
CBG,Cambridge,GB,United Kingdom,
CBH,Bechar,DZ,Algeria,
CBO,Cotabato,PH,Philippines,
CBQ,Calabar,NG,Nigeria,
CBR,Canberra,AU,Australia,
CBS,Cabimas,VE,Venezuela,I
CCC,Cayo Coco,CU,Cuba,
CCJ,Kozhikode,IN,India,
CCK,Cocos Islands,CC,Cocos (Keeling) Islands,
CCN,Chaghcharan,AF,Afghanistan,
CCP,Concepcion,CL,Chile,
CCS,Caracas,VE,Venezuela,
CCU,Kolkata,IN,India,
CCV,Craig Cove,VU,Vanuatu,
CDB,Cold Bay,US,USA,
CDC,Cedar City,US,USA,
CDG,Paris Charles de Gaulle Apt,FR,France,
CDR,Chadron,US,USA,
CDV,Cordova Merle K (Mudhole) Smith Apt,US,USA,
CEB,Cebu,PH,Philippines,
CEC,Crescent City,US,USA,
CEI,Chiang Rai,TH,Thailand,
CEK,Chelyabinsk,RU,Russian Federation,
CEN,Ciudad Obregon,MX,Mexico,
CEZ,Cortez,US,USA,
CFC,Cacador,BR,Brazil,I
CFE,Clermont-Ferrand,FR,France,
CFN,Donegal,IE,Ireland Republic of,
CFR,Caen,FR,France,
CFS,Coffs Harbour,AU,Australia,
CFU,Kerkyra,GR,Greece,
CGA,Craig,US,USA,
CGB,Cuiaba,BR,Brazil,
CGD,Changde,CN,China,
CGH,Sao Paulo Congonhas Apt,BR,Brazil,
CGI,Cape Girardeau,US,USA,
CGK,Jakarta Soekarno-Hatta Apt,ID,Indonesia,
CGM,Camiguin,PH,Philippines,
CGN,Cologne/Bonn Apt,DE,Germany,
CGO,Zhengzhou,CN,China,
CGP,Chittagong,BD,Bangladesh,
CGQ,Changchun,CN,China,
CGR,Campo Grande,BR,Brazil,
CGY,Cagayan de Oro,PH,Philippines,
CHA,Chattanooga Metropolitan Apt,US,USA,
CHC,Christchurch,NZ,New Zealand,
CHG,Chaoyang,CN,China,
CHO,Charlottesville,US,USA,
CHQ,Chania,GR,Greece,
CHS,Charleston,US,USA,
CHY,Choiseul Bay,SB,Solomon Islands,
CIA,Rome Ciampino Apt,IT,Italy,
CIC,Chico,US,USA,
CID,Cedar Rapids,US,USA,
CIF,Chifeng,CN,China,
CIH,Changzhi,CN,China,
CIJ,Cobija,BO,Bolivia,
CIP,Chipata,ZM,Zambia,
CIT,Shymkent,KZ,Kazakhstan,
CIU,Sault Ste Marie,US,USA,
CIX,Chiclayo,PE,Peru,
CIY,Comiso,IT,Italy,
CJA,Cajamarca,PE,Peru,
CJB,Coimbatore,IN,India,
CJC,Calama,CL,Chile,
CJJ,Cheongju,KR,Korea Republic of,
CJL,Chitral,PK,Pakistan,
CJM,Chumphon,TH,Thailand,
CJS,Ciudad Juarez,MX,Mexico,
CJU,Jeju International,KR,Korea Republic of,
CKB,Clarksburg,US,USA,
CKG,Chongqing,CN,China,
CKS,Parauapebas,BR,Brazil,
CKY,Conakry,GN,Guinea,
CLD,San Diego McClellan-Palomar Arpt,US,USA,
CLE,Cleveland Hopkins International Apt,US,USA,
CLJ,Cluj-Napoca,RO,Romania,
CLL,College Station,US,USA,
CLM,Port Angeles,US,USA,I
CLO,Cali,CO,Colombia,
CLP,Clarks Point,US,USA,
CLQ,Colima,MX,Mexico,
CLT,Charlotte,US,USA,
CLY,Calvi,FR,France,
CMB,Bandaranaike Intl,LK,Sri Lanka,
CME,Ciudad Del Carmen,MX,Mexico,
CMF,Chambery/Aix-les-Bains,FR,France,
CMH,Columbus John Glenn Intl Apt,US,USA,
CMI,Champaign/Urbana,US,USA,
CMN,Casablanca Mohammed V Apt,MA,Morocco,
CMU,Kundiawa,PG,Papua New Guinea,I
CMW,Camaguey,CU,Cuba,
CMX,Hancock,US,USA,
CND,Constanta,RO,Romania,
CNF,Belo Horizonte Tancredo Neves Int Apt,BR,Brazil,
CNJ,Cloncurry,AU,Australia,
CNM,Carlsbad,US,USA,
CNP,Neerlerit Inaat,GL,Greenland,
CNQ,Corrientes,AR,Argentina,
CNS,Cairns,AU,Australia,
CNX,Chiang Mai,TH,Thailand,
CNY,Moab,US,USA,
COD,Cody,US,USA,
COK,Kochi,IN,India,
COO,Cotonou,BJ,Benin,
COQ,Choibalsan,MN,Mongolia,
COR,Cordoba,AR,Argentina,
COS,Colorado Springs Municipal,US,USA,
COU,Columbia,US,USA,
CPC,San Martin los Andes,AR,Argentina,
CPE,Campeche,MX,Mexico,
CPH,Copenhagen Kastrup Apt,DK,Denmark,
CPO,Copiapo,CL,Chile,
CPR,Casper,US,USA,
CPT,Cape Town,ZA,South Africa,
CPV,Campina Grande,BR,Brazil,
CPX,Culebra,PR,Puerto Rico,
CRA,Craiova,RO,Romania,
CRD,Comodoro Rivadavia,AR,Argentina,
CRI,Crooked Island,BS,Bahamas,
CRK,Angeles/Mabalacat,PH,Philippines,
CRL,Brussels S. Charleroi Airport,BE,Belgium,
CRM,Catarman,PH,Philippines,
CRP,Corpus Christi International Apt,US,USA,
CRW,Charleston,US,USA,
CSG,Columbus Apt,US,USA,
CSX,Changsha,CN,China,
CSY,Cheboksary,RU,Russian Federation,
CTA,Catania,IT,Italy,
CTC,Catamarca,AR,Argentina,
CTG,Cartagena,CO,Colombia,
CTL,Charleville,AU,Australia,
CTM,Chetumal,MX,Mexico,
CTS,Sapporo New Chitose Apt,JP,Japan,
CTU,Chengdu,CN,China,
CUC,Cucuta,CO,Colombia,
CUE,Cuenca,EC,Ecuador,
CUF,Cuneo,IT,Italy,
CUL,Culiacan,MX,Mexico,
CUM,Cumana,VE,Venezuela,
CUN,Cancun,MX,Mexico,
CUR,Curacao,CW,Curacao,
CUU,Chihuahua,MX,Mexico,
CUZ,Cuzco,PE,Peru,
CVG,Cincinnati Northern Kentucky Intl,US,USA,
CVM,Ciudad Victoria,MX,Mexico,
CVN,Clovis Municipal Apt,US,USA,
CVU,Corvo Island,PT,Portugal,
CWA,Wausau Central Wisconsin Apt,US,USA,
CWB,Curitiba Afonso Pena Intl,BR,Brazil,
CWL,Cardiff,GB,United Kingdom,
CXB,Cox's Bazar,BD,Bangladesh,
CXI,Kiritimati,KI,Kiribati,
CXR,Nha Trang Cam Ranh Airport,VN,Viet Nam,
CYB,Cayman Brac,KY,Cayman Islands,
CYO,Cayo Largo del Sur,CU,Cuba,
CYP,Calbayog,PH,Philippines,
CYS,Cheyenne Regional Apt,US,USA,
CYZ,Cauayan,PH,Philippines,
CZE,Coro,VE,Venezuela,
CZL,Constantine,DZ,Algeria,
CZM,Cozumel,MX,Mexico,
CZU,Corozal,CO,Colombia,
CZX,Changzhou,CN,China,
DAB,Daytona Beach,US,USA,
DAC,Dhaka,BD,Bangladesh,
DAD,Da Nang,VN,Viet Nam,
DAL,Dallas Love Field,US,USA,
DAM,Damascus,SY,Syrian Arab Republic,
DAR,Dar es Salaam,TZ,Tanzania United Republic of,
DAT,Datong,CN,China,
DAU,Daru,PG,Papua New Guinea,
DAX,Dazhou,CN,China,
DAY,Dayton James M. Cox Intl Apt,US,USA,
DBA,Dalbandin,PK,Pakistan,
DBO,Dubbo,AU,Australia,
DBQ,Dubuque,US,USA,
DBV,Dubrovnik,HR,Croatia,
DCA,Washington Ronald Reagan National Apt,US,USA,
DCM,Castres,FR,France,
DCN,Derby,AU,Australia,I
DDC,Dodge City,US,USA,
DDG,Dandong,CN,China,
DEA,Dera Ghazi Khan,PK,Pakistan,
DEB,Debrecen,HU,Hungary,
DEC,Decatur,US,USA,
DED,Dehra Dun,IN,India,
DEF,Dezful,IR,Iran Islamic Republic of,
DEL,Delhi,IN,India,
DEN,Denver Intl Apt,US,USA,
DFW,Dallas Dallas/Fort Worth Intl Apt,US,USA,
DGO,Durango,MX,Mexico,
DGT,Dumaguete,PH,Philippines,
DHI,Dhangarhi,NP,Nepal,
DHM,Dharamsala,IN,India,
DHN,Dothan,US,USA,
DIB,Dibrugarh,IN,India,
DIE,Antsiranana,MG,Madagascar,
DIG,Deqen,CN,China,
DIJ,Dijon,FR,France,I
DIK,Dickinson,US,USA,
DIL,Dili,TL,Timor-Leste,
DIN,Dien Bien Phu,VN,Viet Nam,
DIR,Dire Dawa,ET,Ethiopia,
DIU,Diu,IN,India,
DIY,Diyarbakir,TR,Turkey,
DJB,Jambi,ID,Indonesia,
DJE,Djerba,TN,Tunisia,
DJG,Djanet,DZ,Algeria,
DJJ,Jayapura,ID,Indonesia,
DKR,Dakar Leopold Sedar Senghor,SN,Senegal,
DLA,Douala,CM,Cameroon,
DLC,Dalian,CN,China,
DLE,Dole,FR,France,
DLG,Dillingham,US,USA,
DLH,Duluth,US,USA,
DLI,Dalat,VN,Viet Nam,
DLM,Dalaman,TR,Turkey,
DLU,Dali,CN,China,
DLY,Dillons Bay,VU,Vanuatu,
DLZ,Dalanzadgad,MN,Mongolia,
DMB,Taraz,KZ,Kazakhstan,
DME,Moscow Domodedovo Apt,RU,Russian Federation,
DMK,Bangkok Don Mueang International Arpt,TH,Thailand,
DMM,Dammam,SA,Saudi Arabia,
DMU,Dimapur,IN,India,
DNA,Okinawa Kadena AB,JP,Japan,
DND,Dundee,GB,United Kingdom,
DNH,Dunhuang,CN,China,
DNK,Dnipropetrovsk,UA,Ukraine,
DNR,Dinard/St-Malo,FR,France,
DOB,Dobo,ID,Indonesia,
DOH,Doha,QA,Qatar,
DOK,Donetsk,UA,Ukraine,
DOL,Deauville,FR,France,
DOM,Dominica Melville Hall Apt,DM,Dominica,
DOU,Dourados,BR,Brazil,
DOY,Dongying,CN,China,
DPL,Dipolog,PH,Philippines,
DPO,Devonport,AU,Australia,
DPS,Denpasar-Bali,ID,Indonesia,
DQA,Daqing,CN,China,
DRG,Deering,US,USA,
DRK,Drake Bay,CR,Costa Rica,I
DRO,Durango La Plata County Apt,US,USA,
DRS,Dresden,DE,Germany,
DRW,Darwin International,AU,Australia,
DSA,Doncaster/Sheffield,GB,United Kingdom,
DSK,Dera Ismail Khan,PK,Pakistan,I
DSM,Des Moines,US,USA,
DSN,Ordos,CN,China,
DTM,Dortmund,DE,Germany,
DTW,Detroit Metropolitan Wayne County,US,USA,
DUB,Dublin,IE,Ireland Republic of,
DUD,Dunedin,NZ,New Zealand,
DUJ,Dubois,US,USA,
DUR,Durban King Shaka International Apt,ZA,South Africa,
DUS,Duesseldorf International Airport,DE,Germany,
DUT,Dutch Harbor,US,USA,
DVL,Devils Lake,US,USA,
DVO,Davao,PH,Philippines,
DWC,Dubai Al Maktoum Intl,AE,United Arab Emirates,
DWD,Dawadmi,SA,Saudi Arabia,
DXB,Dubai International,AE,United Arab Emirates,
DYG,Zhangjiajie,CN,China,
DYR,Anadyr,RU,Russian Federation,
DYU,Dushanbe,TJ,Tajikistan,
DZA,Dzaoudzi,YT,Mayotte,
DZN,Zhezkazgan,KZ,Kazakhstan,
EAE,Emae,VU,Vanuatu,
EAM,Nejran,SA,Saudi Arabia,
EAR,Kearney,US,USA,
EAS,San Sebastian,ES,Spain,
EAT,Wenatchee,US,USA,
EAU,Eau Claire,US,USA,
EBA,Elba Island,IT,Italy,
EBB,Entebbe,UG,Uganda,
EBD,El Obeid,SD,Sudan,
EBH,El Bayadh,DZ,Algeria,
EBJ,Esbjerg Airport,DK,Denmark,
EBL,Erbil,IQ,Iraq,
EBU,St-Etienne,FR,France,I
ECN,Ercan,CY,Cyprus,
ECP,Panama City NW Florida Beaches Intl,US,USA,
EDI,Edinburgh,GB,United Kingdom,
EDL,Eldoret,KE,Kenya,
EEK,Eek,US,USA,
EFL,Kefallinia,GR,Greece,
EGC,Bergerac,FR,France,
EGE,Vail/Eagle County Rgnl Apt,US,USA,
EGM,Seghe,SB,Solomon Islands,
EGN,Geneina,SD,Sudan,
EGO,Belgorod,RU,Russian Federation,
EGS,Egilsstadir,IS,Iceland,
EGX,Egegik,US,USA,
EIL,Fairbanks Eielson AFB,US,USA,I
EIN,Eindhoven Airport,NL,Netherlands,
EIS,Tortola Terrence B Lettsome,VG,"Virgin Islands, British",
EJA,Barrancabermeja,CO,Colombia,
EJH,Wedjh,SA,Saudi Arabia,
EKO,Elko,US,USA,
ELC,Elcho Island,AU,Australia,
ELD,El Dorado,US,USA,
ELF,El Fasher,SD,Sudan,
ELG,El Golea,DZ,Algeria,
ELH,North Eleuthera,BS,Bahamas,
ELI,Elim,US,USA,
ELM,Elmira/Corning,US,USA,
ELP,El Paso International Apt,US,USA,
ELQ,Gassim,SA,Saudi Arabia,
ELS,East London,ZA,South Africa,
ELU,El Oued,DZ,Algeria,
EMA,Nottingham East Midlands Airport,GB,United Kingdom,
EMD,Emerald,AU,Australia,
EMK,Emmonak,US,USA,
ENA,Kenai,US,USA,
ENE,Ende,ID,Indonesia,
ENH,Enshi,CN,China,
ENU,Enugu,NG,Nigeria,
ENY,Yan'an,CN,China,
EOH,Medellin Enrique Olaya Herrerra Apt,CO,Colombia,
EPR,Esperance,AU,Australia,
EQS,Esquel,AR,Argentina,
ERC,Erzincan,TR,Turkey,
ERF,Erfurt,DE,Germany,
ERH,Errachidia,MA,Morocco,
ERI,Erie,US,USA,
ERL,Erenhot,CN,China,
ERM,Erechim,BR,Brazil,I
ERS,Windhoek Eros Apt,NA,Namibia,
ERZ,Erzurum,TR,Turkey,
ESB,Ankara Esenboga Apt,TR,Turkey,
ESC,Escanaba,US,USA,
ESU,Essaouira,MA,Morocco,
ETH,Eilat,IL,Israel,
ETZ,Metz/Nancy Lorraine,FR,France,
EUG,Eugene,US,USA,
EUN,Laayoune,MA,Morocco,
EUX,St Eustatius,BQ,"Bonaire, Saint Eustatius and Saba",
EVE,Harstad-Narvik,NO,Norway,
EVN,Yerevan,AM,Armenia,
EVV,Evansville,US,USA,
EWB,New Bedford/Fall River,US,USA,
EWN,New Bern,US,USA,
EWR,Newark Liberty International Apt,US,USA,
EXT,Exeter,GB,United Kingdom,
EYK,Beloyarsky,RU,Russian Federation,
EYP,Yopal,CO,Colombia,
EYW,Key West International Apt,US,USA,
EZE,Buenos Aires Ministro Pistarini,AR,Argentina,
EZS,Elazig,TR,Turkey,
EZV,Berezovo,RU,Russian Federation,
FAC,Faaite,PF,French Polynesia,
FAE,Faroe Islands,FO,Faroe Islands,
FAH,Farah,AF,Afghanistan,
FAI,Fairbanks International Apt,US,USA,
FAO,Faro,PT,Portugal,
FAR,Fargo,US,USA,
FAT,Fresno Yosemite International Airport,US,USA,
FAV,Fakarava,PF,French Polynesia,
FAY,Fayetteville,US,USA,
FBD,Faizabad,AF,Afghanistan,
FBE,Francisco Beltrao,BR,Brazil,I
FBM,Lubumbashi,CD,Congo Democratic Republic of,
FCA,Kalispell,US,USA,
FCO,Rome Fiumicino Apt,IT,Italy,
FDE,Forde,NO,Norway,
FDF,Fort de France,MQ,Martinique,
FDH,Friedrichshafen,DE,Germany,
FEG,Fergana,UZ,Uzbekistan,
FEN,Fernando De Noronha,BR,Brazil,
FEZ,Fes,MA,Morocco,
FGI,Apia Fagali'i Apt,WS,Samoa,
FGU,Fangatau,PF,French Polynesia,
FHZ,Fakahina,PF,French Polynesia,
FIH,Kinshasa N'Djili Intl Apt,CD,Congo Democratic Republic of,
FJR,Fujairah,AE,United Arab Emirates,
FKB,Karlsruhe/Baden-Baden Baden Airpark,DE,Germany,
FKL,Franklin,US,USA,
FKS,Fukushima,JP,Japan,
FLA,Florencia,CO,Colombia,
FLG,Grand Canyon Flagstaff Pulliam,US,USA,
FLL,Fort Lauderdale/Hollywood Intl Apt,US,USA,
FLN,Florianopolis,BR,Brazil,
FLO,Florence,US,USA,
FLR,Florence Peretola Apt,IT,Italy,
FLS,Flinders Island,AU,Australia,
FLW,Flores Island,PT,Portugal,
FMA,Formosa,AR,Argentina,
FMM,Memmingen,DE,Germany,
FMN,Farmington,US,USA,
FMO,Muenster/Osnabrueck,DE,Germany,
FNA,Freetown Lungi International Apt,SL,Sierra Leone,
FNC,Funchal,PT,Portugal,
FNJ,Pyongyang,KP,Korea Democratic People's Republic of,
FNT,Flint,US,USA,
FOC,Fuzhou,CN,China,
FOD,Fort Dodge,US,USA,
FOE,Topeka Forbes AFB,US,USA,
FOG,Foggia,IT,Italy,
FON,Fortuna,CR,Costa Rica,I
FOR,Fortaleza,BR,Brazil,
FPO,Freeport,BS,Bahamas,
FRA,Frankfurt International Apt,DE,Germany,
FRD,Friday Harbor Airport,US,USA,
FRE,Fera Island,SB,Solomon Islands,
FRO,Floro,NO,Norway,
FRS,Flores,GT,Guatemala,
FRU,Bishkek,KG,Kyrgyzstan,
FRW,Francistown,BW,Botswana,
FSC,Figari,FR,France,
FSD,Sioux Falls,US,USA,
FSM,Fort Smith,US,USA,
FSP,St Pierre,PM,Saint Pierre and Miquelon,
FSZ,Shizuoka,JP,Japan,
FTA,Futuna Island,VU,Vanuatu,
FTE,El Calafate,AR,Argentina,
FTU,Tolanaro,MG,Madagascar,
FUE,Fuerteventura,ES,Spain,
FUG,Fuyang,CN,China,
FUJ,Fukue,JP,Japan,
FUK,Fukuoka,JP,Japan,
FUN,Funafuti,TV,Tuvalu,
FUO,Foshan,CN,China,I
FVM,Fuvahmulak Island,MV,Maldives,
FWA,Fort Wayne International,US,USA,
GAJ,Yamagata,JP,Japan,
GAL,Galena,US,USA,
GAM,Gambell,US,USA,
GAN,Gan Island,MV,Maldives,
GAO,Guantanamo Bay NS,CU,Cuba,
GAU,Guwahati,IN,India,
GAY,Gaya,IN,India,
GBB,Gabala,AZ,Azerbaijan,
GBD,Great Bend,US,USA,I
GBE,Gaborone,BW,Botswana,
GBT,Gorgan,IR,Iran Islamic Republic of,
GCC,Gillette,US,USA,
GCI,Guernsey,GB,United Kingdom,
GCK,Garden City,US,USA,
GCM,Grand Cayman,KY,Cayman Islands,
GCN,Grand Canyon National Park Apt,US,USA,
GCW,Grand Canyon West,US,USA,
GDE,Gode,ET,Ethiopia,
GDL,Guadalajara,MX,Mexico,
GDN,Gdansk Lech Walesa,PL,Poland,
GDQ,Gonder,ET,Ethiopia,
GDT,Grand Turk,TC,Turks and Caicos Islands,
GDV,Glendive,US,USA,
GDX,Magadan,RU,Russian Federation,
GDZ,Gelendzhik,RU,Russian Federation,
GEA,Noumea Magenta Apt,NC,New Caledonia,
GEG,Spokane International Apt,US,USA,
GEL,Santo Angelo,BR,Brazil,
GEO,Georgetown,GY,Guyana,
GES,General Santos,PH,Philippines,
GET,Geraldton,AU,Australia,
GEV,Gallivare,SE,Sweden,
GFK,Grand Forks,US,USA,
GGG,Longview,US,USA,
GGM,Kakamega,KE,Kenya,
GGT,George Town,BS,Bahamas,
GGW,Glasgow,US,USA,
GHA,Ghardaia,DZ,Algeria,
GHB,Governors Harbour,BS,Bahamas,
GIB,Gibraltar,GI,Gibraltar,
GIG,Rio de Janeiro Galeao-A.C.Jobim Int Apt,BR,Brazil,
GIL,Gilgit,PK,Pakistan,
GIS,Gisborne,NZ,New Zealand,
GIU,Sigiriya,LK,Sri Lanka,
GIZ,Jazan,SA,Saudi Arabia,
GJA,Guanaja,HN,Honduras,I
GJT,Grand Junction,US,USA,
GKA,Goroka,PG,Papua New Guinea,
GKK,Kooddoo Island,MV,Maldives,
GLA,Glasgow International Airport,GB,United Kingdom,
GLF,Golfito,CR,Costa Rica,I
GLH,Greenville,US,USA,
GLK,Galcaio,SO,Somalia,
GLN,Guelmime,MA,Morocco,
GLO,Gloucester/Cheltenham,GB,United Kingdom,
GLT,Gladstone,AU,Australia,
GLV,Golovin,US,USA,
GMB,Gambela,ET,Ethiopia,
GME,Gomel,BY,Belarus,
GMO,Gombe,NG,Nigeria,
GMP,Seoul Gimpo International Airport,KR,Korea Republic of,
GMR,Totegegie,PF,French Polynesia,
GMZ,San Sebastian/Gomera,ES,Spain,
GNA,Grodno,BY,Belarus,
GNB,Lyon Grenoble-St Geoirs Apt,FR,France,
GND,Grenada,GD,"Grenada, Windward Islands",
GNV,Gainesville,US,USA,
GNY,Sanliurfa,TR,Turkey,
GOA,Genoa,IT,Italy,
GOH,Nuuk,GL,Greenland,
GOI,Goa,IN,India,
GOJ,Nizhny Novgorod,RU,Russian Federation,
GOP,Gorakhpur,IN,India,
GOQ,Golmud,CN,China,
GOT,Goteborg Landvetter Apt,SE,Sweden,
GOU,Garoua,CM,Cameroon,
GOV,Nhulunbuy,AU,Australia,
GPA,Patrai,GR,Greece,
GPI,Guapi,CO,Colombia,
GPS,Baltra Island,EC,Ecuador,
GPT,Gulfport/Biloxi,US,USA,
GPZ,Grand Rapids,US,USA,I
GRB,Green Bay,US,USA,
GRI,Grand Island,US,USA,
GRJ,George,ZA,South Africa,
GRK,Killeen/Fort Hood Regional/R. Gray AAF,US,USA,
GRO,Girona Costa Brava Apt,ES,Spain,
GRQ,Groningen,NL,Netherlands,
GRR,Grand Rapids,US,USA,
GRU,Sao Paulo Guarulhos Intl Apt,BR,Brazil,
GRV,Grozny,RU,Russian Federation,
GRW,Graciosa Island,PT,Portugal,
GRX,Granada,ES,Spain,
GRZ,Graz,AT,Austria,
GSE,Goteborg City Apt,SE,Sweden,
GSM,Gheshm Island,IR,Iran Islamic Republic of,
GSO,Greensboro/High Point,US,USA,
GSP,Greenville/Spartanburg Intl Apt,US,USA,
GST,Gustavus Airport,US,USA,
GTE,Groote Eylandt,AU,Australia,
GTF,Great Falls International Apt,US,USA,
GTO,Gorontalo,ID,Indonesia,
GTR,Columbus Golden Triangle Regional Apt,US,USA,
GTS,The Granites,AU,Australia,
GUA,Guatemala City,GT,Guatemala,
GUC,Gunnison,US,USA,
GUM,Guam Antonio B Won Pat International,GU,Guam,
GUR,Alotau,PG,Papua New Guinea,
GUW,Atyrau,KZ,Kazakhstan,
GVA,Geneva,CH,Switzerland,
GWD,Gwadar,PK,Pakistan,
GWL,Gwalior,IN,India,
GWT,Westerland,DE,Germany,
GXF,Sayun,YE,Yemen,
GYA,Guayaramerin,BO,Bolivia,
GYD,Baku Heydar Aliyev International Apt,AZ,Azerbaijan,
GYE,Guayaquil,EC,Ecuador,
GYN,Goiania,BR,Brazil,
GYS,Guangyuan,CN,China,
GYU,Guyuan,CN,China,
GZO,Gizo,SB,Solomon Islands,
GZP,Gazipasa,TR,Turkey,
GZT,Gaziantep,TR,Turkey,
HAA,Hasvik,NO,Norway,
HAD,Halmstad,SE,Sweden,
HAH,Moroni Prince Said Ibrahim,KM,Comoros,
HAJ,Hannover,DE,Germany,
HAK,Haikou,CN,China,
HAM,Hamburg Airport,DE,Germany,
HAN,Hanoi,VN,Viet Nam,
HAQ,Hanimaadhoo Island,MV,Maldives,
HAS,Hail,SA,Saudi Arabia,
HAU,Haugesund,NO,Norway,
HAV,Havana,CU,Cuba,
HBA,Hobart,AU,Australia,
HBE,Alexandria Borg el Arab,EG,Egypt,
HBX,Hubli,IN,India,
HCR,Holy Cross,US,USA,
HDF,Heringsdorf,DE,Germany,
HDG,Handan,CN,China,
HDN,Hayden,US,USA,
HDS,Hoedspruit,ZA,South Africa,
HDY,Hat Yai,TH,Thailand,
HEA,Herat,AF,Afghanistan,
HEH,Heho,MM,Myanmar,
HEK,Heihe,CN,China,
HEL,Helsinki-Vantaa,FI,Finland,
HER,Irakleion,GR,Greece,
HET,Hohhot,CN,China,
HFA,Haifa,IL,Israel,I
HFE,Hefei,CN,China,
HFT,Hammerfest,NO,Norway,
HGA,Hargeisa,SO,Somalia,
HGH,Hangzhou,CN,China,
HGN,Mae Hong Son,TH,Thailand,
HGO,Korhogo,CI,Cote d'Ivoire,
HGR,Hagerstown,US,USA,
HGU,Mount Hagen,PG,Papua New Guinea,
HHH,Hilton Head Island,US,USA,
HHN,Frankfurt Hahn Airport,DE,Germany,
HHZ,Hikueru,PF,French Polynesia,
HIA,Huai'an,CN,China,
HIB,Hibbing/Chisholm,US,USA,
HID,Horn Island,AU,Australia,
HIJ,Hiroshima,JP,Japan,
HIN,Jinju,KR,Korea Republic of,
HIR,Honiara,SB,Solomon Islands,
HJJ,Huaihua,CN,China,
HJR,Khajuraho,IN,India,
HKD,Hakodate,JP,Japan,
HKG,Hong Kong International Apt,HK,Hong Kong (SAR) China,
HKK,Hokitika,NZ,New Zealand,
HKN,Hoskins,PG,Papua New Guinea,
HKT,Phuket,TH,Thailand,
HLA,Johannesburg Lanseria International Apt,ZA,South Africa,
HLD,Hailar,CN,China,
HLH,Ulanhot,CN,China,
HLN,Helena,US,USA,
HLP,Jakarta Halim Perdanakusuma Apt,ID,Indonesia,
HLZ,Hamilton,NZ,New Zealand,
HMA,Khanty-Mansiysk,RU,Russian Federation,
HMB,Sohag,EG,Egypt,
HME,Hassi Messaoud,DZ,Algeria,
HMI,Hami,CN,China,
HMO,Hermosillo,MX,Mexico,
HMV,Hemavan/Tarnaby,SE,Sweden,
HNA,Hanamaki,JP,Japan,
HND,Tokyo Intl (Haneda),JP,Japan,
HNH,Hoonah,US,USA,
HNL,Honolulu,US,USA,
HNM,Hana,US,USA,
HNS,Haines,US,USA,
HOB,Hobbs Lea County Regional Apt,US,USA,
HOD,Hodeidah,YE,Yemen,
HOF,Hofuf,SA,Saudi Arabia,
HOG,Holguin,CU,Cuba,
HOI,Hao,PF,French Polynesia,
HOM,Homer,US,USA,
HON,Huron,US,USA,I
HOR,Horta,PT,Portugal,
HOT,Hot Springs,US,USA,
HOU,Houston William P. Hobby Apt,US,USA,
HPB,Hooper Bay,US,USA,
HPH,Haiphong,VN,Viet Nam,
HPN,White Plains,US,USA,
HRB,Harbin,CN,China,
HRE,Harare,ZW,Zimbabwe,
HRG,Hurghada,EG,Egypt,
HRI,Hambantota,LK,Sri Lanka,
HRK,Kharkiv,UA,Ukraine,
HRL,Harlingen,US,USA,
HRM,Hassi R'mel,DZ,Algeria,I
HRO,Harrison,US,USA,
HSG,Saga,JP,Japan,
HSN,Zhoushan,CN,China,
HSV,Huntsville Intl-Carl T. Jones Field,US,USA,
HTA,Chita,RU,Russian Federation,
HTI,Hamilton Island,AU,Australia,
HTN,Hotan,CN,China,
HTS,Huntington/Ashland KY,US,USA,
HTY,Hatay,TR,Turkey,
HUH,Huahine,PF,French Polynesia,
HUI,Hue,VN,Viet Nam,
HUN,Hualien,TW,Chinese Taipei,
HUU,Huanuco,PE,Peru,
HUX,Huatulco,MX,Mexico,
HUY,Humberside,GB,United Kingdom,
HVB,Hervey Bay,AU,Australia,
HVD,Khovd,MN,Mongolia,
HVG,Honningsvag,NO,Norway,
HVN,New Haven,US,USA,
HVR,Havre,US,USA,
HYA,Hyannis,US,USA,
HYD,Hyderabad Rajiv Gandhi Intl Arpt,IN,India,
HYG,Hydaburg,US,USA,
HYN,Taizhou,CN,China,
HYS,Hays,US,USA,
HZH,Liping,CN,China,
IAD,Washington Dulles International Apt,US,USA,
IAG,Niagara Falls,US,USA,
IAH,Houston George Bush Intercont.,US,USA,
IAM,In Amenas,DZ,Algeria,
IAN,Kiana,US,USA,
IAO,Del Carmen,PH,Philippines,
IAS,Iasi,RO,Romania,
IBA,Ibadan,NG,Nigeria,
IBE,Ibague,CO,Colombia,
IBZ,Ibiza,ES,Spain,
ICI,Cicia Island,FJ,Fiji,
ICN,Seoul Incheon International Airport,KR,Korea Republic of,
ICT,Wichita Dwight D. Eisenhower Apt,US,USA,
IDA,Idaho Falls,US,USA,
IDR,Indore,IN,India,
IEV,Kiev Zhuliany Intl Apt,UA,Ukraine,
IFJ,Isafjordur,IS,Iceland,
IFN,Esfahan,IR,Iran Islamic Republic of,
IFO,Ivano-Frankivsk,UA,Ukraine,
IFP,Bullhead City,US,USA,
IGA,Inagua,BS,Bahamas,
IGG,Igiugig,US,USA,
IGM,Kingman,US,USA,
IGR,Iguazu,AR,Argentina,
IGT,Magas,RU,Russian Federation,
IGU,Foz do Iguacu,BR,Brazil,
IKA,Tehran Imam Khomeini International Apt,IR,Iran Islamic Republic of,
IKI,Iki,JP,Japan,
IKT,Irkutsk,RU,Russian Federation,
ILD,Lleida Alguaire Airport,ES,Spain,
ILG,Wilmington New Castle Apt,US,USA,
ILI,Iliamna,US,USA,
ILM,Wilmington,US,USA,
ILO,Ilo-Ilo,PH,Philippines,
ILP,Ile des Pins,NC,New Caledonia,
ILR,Ilorin,NG,Nigeria,
ILY,Islay,GB,United Kingdom,
IMF,Imphal,IN,India,
IMP,Imperatriz,BR,Brazil,
IMT,Iron Mountain/Kingsfd.,US,USA,
INC,Yinchuan,CN,China,
IND,Indianapolis,US,USA,
INH,Inhambane,MZ,Mozambique,
INL,International Falls,US,USA,
INN,"Innsbruck, Innsbruck Airport",AT,Austria,
INT,Winston-Salem,US,USA,
INU,Nauru Island,NR,Nauru,
INV,Inverness,GB,United Kingdom,
INZ,In Salah,DZ,Algeria,
IOA,Ioannina,GR,Greece,
IOM,Isle Of Man,GB,United Kingdom,
IOS,Ilheus,BR,Brazil,
IPA,Ipota,VU,Vanuatu,
IPC,Easter Island,CL,Chile,
IPH,Ipoh,MY,Malaysia,
IPL,Imperial County Apt,US,USA,
IPT,Williamsport,US,USA,
IQN,Qingyang,CN,China,
IQQ,Iquique,CL,Chile,
IQT,Iquitos,PE,Peru,
IRA,Kirakira,SB,Solomon Islands,
IRD,Ishurdi,BD,Bangladesh,I
IRJ,La Rioja,AR,Argentina,
IRK,Kirksville,US,USA,
IRM,Igrim,RU,Russian Federation,
ISA,Mount Isa,AU,Australia,
ISB,Islamabad,PK,Pakistan,
ISG,New Ishigaki,JP,Japan,
ISN,Williston,US,USA,
ISP,Islip,US,USA,
IST,Istanbul Ataturk Airport,TR,Turkey,
ISU,Sulaymaniyah,IQ,Iraq,
ITB,Itaituba,BR,Brazil,
ITH,Ithaca,US,USA,
ITM,Osaka Intl (Itami),JP,Japan,
ITO,Hilo,US,USA,
IUE,Niue,NU,Niue,
IVC,Invercargill,NZ,New Zealand,
IVL,Ivalo,FI,Finland,
IWD,Ironwood,US,USA,
IXA,Agartala,IN,India,
IXB,Bagdogra,IN,India,
IXC,Chandigarh,IN,India,
IXD,Allahabad,IN,India,
IXE,Mangalore,IN,India,
IXG,Belgaum,IN,India,
IXJ,Jammu,IN,India,
IXL,Leh,IN,India,
IXM,Madurai,IN,India,
IXR,Ranchi,IN,India,
IXS,Silchar,IN,India,
IXU,Aurangabad,IN,India,
IXZ,Port Blair,IN,India,
IYK,Inyokern,US,USA,I
IZO,Izumo,JP,Japan,
JAC,Jackson,US,USA,
JAI,Jaipur,IN,India,
JAL,Jalapa,MX,Mexico,I
JAN,Jackson Medgar W. Evers Intl Apt,US,USA,
JAV,Ilulissat,GL,Greenland,
JAX,Jacksonville International Apt,US,USA,
JCB,Joacaba,BR,Brazil,I
JCH,Qasigiannguit,GL,Greenland,I
JDH,Jodhpur,IN,India,
JDO,Juazeiro do Norte,BR,Brazil,
JDZ,Jingdezhen,CN,China,
JED,Jeddah,SA,Saudi Arabia,
JEG,Aasiaat,GL,Greenland,
JER,Jersey,GB,United Kingdom,
JFK,New York J F Kennedy International Apt,US,USA,
JFR,Paamiut,GL,Greenland,
JGA,Jamnagar,IN,India,
JGD,Jiagedaqi,CN,China,
JGN,Jiayuguan,CN,China,
JGO,Qeqertarsuaq,GL,Greenland,I
JGS,Ji'an,CN,China,
JHB,Johor Bahru,MY,Malaysia,
JHG,Jinghong,CN,China,
JHM,Kapalua,US,USA,
JHS,Sisimiut,GL,Greenland,
JHW,Jamestown,US,USA,
JIB,Djibouti,DJ,Djibouti,
JIC,Jinchang,CN,China,
JIK,Ikaria Island,GR,Greece,
JIM,Jimma,ET,Ethiopia,
JIQ,Qianjiang,CN,China,
JIU,Jiujiang,CN,China,I
JJN,Quanzhou,CN,China,
JJU,Qaqortoq,GL,Greenland,I
JKG,Jonkoping,SE,Sweden,
JKH,Chios,GR,Greece,
JKR,Janakpur,NP,Nepal,
JLN,Joplin,US,USA,
JLR,Jabalpur,IN,India,
JMK,Mykonos,GR,Greece,
JMS,Jamestown,US,USA,
JMU,Jiamusi,CN,China,
JNB,Johannesburg O.R. Tambo International,ZA,South Africa,
JNG,Jining,CN,China,
JNN,Nanortalik,GL,Greenland,I
JNS,Narsaq,GL,Greenland,I
JNU,Juneau,US,USA,
JNX,Naxos Is,GR,Greece,
JNZ,Jinzhou,CN,China,
JOE,Joensuu,FI,Finland,
JOG,Yogyakarta,ID,Indonesia,
JOI,Joinville,BR,Brazil,
JOK,Yoshkar-Ola,RU,Russian Federation,
JOL,Jolo,PH,Philippines,I
JOS,Jos,NG,Nigeria,
JPA,Joao Pessoa,BR,Brazil,
JQA,Qaarsut,GL,Greenland,
JRH,Jorhat,IN,India,
JRO,Kilimanjaro,TZ,Tanzania United Republic of,
JSH,Siteia,GR,Greece,
JSI,Skiathos,GR,Greece,
JSR,Jessore,BD,Bangladesh,
JST,Johnstown,US,USA,
JSU,Maniitsoq,GL,Greenland,
JSY,Syros Island,GR,Greece,
JTR,Thira,GR,Greece,
JTY,Astypalaia Island,GR,Greece,
JUB,Juba,SS,South Sudan,
JUH,Chizhou,CN,China,
JUJ,Jujuy,AR,Argentina,
JUL,Juliaca,PE,Peru,
JUV,Upernavik,GL,Greenland,
JUZ,Quzhou,CN,China,
JYV,Jyvaskyla,FI,Finland,
JZH,Jiuzhaigou,CN,China,
KAD,Kaduna,NG,Nigeria,
KAJ,Kajaani,FI,Finland,
KAN,Kano,NG,Nigeria,
KAO,Kuusamo,FI,Finland,
KAT,Kaitaia,NZ,New Zealand,I
KBL,Kabul,AF,Afghanistan,
KBP,Kiev Borispol Intl Apt,UA,Ukraine,
KBR,Kota Bharu,MY,Malaysia,
KBV,Krabi,TH,Thailand,
KCA,Kuqa,CN,China,
KCG,Chignik Apt,US,USA,
KCH,Kuching,MY,Malaysia,
KCL,Chignik Lagoon Apt,US,USA,
KCQ,Chignik Lake Apt,US,USA,
KCT,Koggala,LK,Sri Lanka,
KCZ,Kochi,JP,Japan,
KDH,Kandahar,AF,Afghanistan,
KDI,Kendari,ID,Indonesia,
KDM,Kaadedhdhoo Island,MV,Maldives,
KDO,Kadhdhoo Island,MV,Maldives,
KDU,Skardu,PK,Pakistan,
KDV,Kadavu Island,FJ,Fiji,
KEF,Reykjavik Keflavik International Apt,IS,Iceland,
KEJ,Kemerovo,RU,Russian Federation,
KEK,Ekwok,US,USA,
KEM,Kemi/Tornio,FI,Finland,
KEP,Nepalganj,NP,Nepal,
KER,Kerman,IR,Iran Islamic Republic of,
KET,Kengtung,MM,Myanmar,
KFP,False Pass,US,USA,
KGD,Kaliningrad,RU,Russian Federation,
KGE,Kagau Island,SB,Solomon Islands,
KGF,Karaganda,KZ,Kazakhstan,
KGI,Kalgoorlie-Boulder,AU,Australia,
KGL,Kigali,RW,Rwanda,
KGP,Kogalym,RU,Russian Federation,
KGS,Kos,GR,Greece,
KGX,Grayling,US,USA,
KHD,Khorramabad,IR,Iran Islamic Republic of,
KHE,Kherson,UA,Ukraine,
KHG,Kashi,CN,China,
KHH,Kaohsiung,TW,Chinese Taipei,
KHI,Karachi,PK,Pakistan,
KHN,Nanchang,CN,China,
KHS,Khasab,OM,Oman,
KHT,Khost,AF,Afghanistan,I
KHV,Khabarovsk,RU,Russian Federation,
KHZ,Kauehi,PF,French Polynesia,
KIF,Kingfisher Lake,CA,Canada,
KIH,Kish Island,IR,Iran Islamic Republic of,
KIJ,Niigata,JP,Japan,
KIM,Kimberley,ZA,South Africa,
KIN,Norman Manley Intl,JM,Jamaica,
KIR,Kerry,IE,Ireland Republic of,
KIS,Kisumu,KE,Kenya,
KIT,Kythira,GR,Greece,
KIV,Chisinau,MD,Moldova Republic of,
KIX,Osaka Kansai International Airport,JP,Japan,
KJA,Krasnoyarsk,RU,Russian Federation,
KKA,Koyuk,US,USA,
KKC,Khon Kaen,TH,Thailand,
KKE,Kerikeri,NZ,New Zealand,
KKH,Kongiganak,US,USA,
KKJ,Kitakyushu,JP,Japan,
KKN,Kirkenes,NO,Norway,
KKR,Kaukura,PF,French Polynesia,
KKU,Ekuk,US,USA,I
KLG,Kalskag,US,USA,
KLL,Levelock,US,USA,
KLO,Kalibo,PH,Philippines,
KLR,Kalmar,SE,Sweden,
KLU,Klagenfurt,AT,Austria,
KLV,Karlovy Vary,CZ,Czech Republic,
KLX,Kalamata,GR,Greece,
KME,Cyangugu,RW,Rwanda,
KMG,Kunming,CN,China,
KMI,Miyazaki,JP,Japan,
KMJ,Kumamoto,JP,Japan,
KMO,Manokotak,US,USA,
KMQ,Komatsu,JP,Japan,
KMU,Kisimayu,SO,Somalia,
KMV,Kalemyo,MM,Myanmar,
KNH,Kinmen,TW,Chinese Taipei,
KNO,Medan Kuala Namu,ID,Indonesia,
KNQ,Kone,NC,New Caledonia,
KNS,King Island,AU,Australia,
KNU,Kanpur,IN,India,
KNW,New Stuyahok,US,USA,
KNX,Kununurra,AU,Australia,
KOA,Kona,US,USA,
KOC,Koumac,NC,New Caledonia,
KOE,Kupang,ID,Indonesia,
KOI,Kirkwall,GB,United Kingdom,
KOJ,Kagoshima,JP,Japan,
KOK,Kokkola/Pietarsaari,FI,Finland,
KOP,Nakhon Phanom,TH,Thailand,
KOS,Sihanoukville,KH,Cambodia,
KOT,Kotlik,US,USA,
KOV,Kokshetau,KZ,Kazakhstan,
KOW,Ganzhou,CN,China,
KPO,Pohang,KR,Korea Republic of,
KQT,Qurghonteppa,TJ,Tajikistan,I
KRF,Kramfors/Solleftea,SE,Sweden,
KRK,Krakow John Paul II - Balice,PL,Poland,
KRL,Korla,CN,China,
KRN,Kiruna,SE,Sweden,
KRO,Kurgan,RU,Russian Federation,
KRP,Karup,DK,Denmark,
KRR,Krasnodar,RU,Russian Federation,
KRS,Kristiansand Kjevik Airport,NO,Norway,
KRT,Khartoum,SD,Sudan,
KRY,Karamay,CN,China,
KSA,Kosrae,FM,Micronesia Federated States of,
KSC,Kosice,SK,Slovakia,
KSD,Karlstad,SE,Sweden,
KSH,Kermanshah,IR,Iran Islamic Republic of,
KSJ,Kasos Island,GR,Greece,
KSM,St Mary's,US,USA,
KSN,Kostanay,KZ,Kazakhstan,
KSO,Kastoria,GR,Greece,
KSQ,Karshi,UZ,Uzbekistan,
KSU,Kristiansund,NO,Norway,
KTA,Karratha,AU,Australia,
KTE,Kerteh,MY,Malaysia,
KTG,Ketapang,ID,Indonesia,
KTL,Kitale,KE,Kenya,
KTM,Kathmandu,NP,Nepal,
KTN,Ketchikan International Apt,US,USA,
KTT,Kittila,FI,Finland,
KTW,Katowice,PL,Poland,
KUA,Kuantan,MY,Malaysia,
KUD,Kudat,MY,Malaysia,
KUF,Samara,RU,Russian Federation,
KUH,Kushiro,JP,Japan,
KUL,Kuala Lumpur International Airport,MY,Malaysia,
KUN,Kaunas,LT,Lithuania,
KUO,Kuopio,FI,Finland,
KUS,Kulusuk Island,GL,Greenland,
KUT,Kutaisi,GE,Georgia,
KUU,Kullu,IN,India,
KUV,Gunsan,KR,Korea Republic of,
KVA,Kavala,GR,Greece,
KVC,King Cove,US,USA,
KVD,Ganja,AZ,Azerbaijan,
KVG,Kavieng,PG,Papua New Guinea,
KVL,Kivalina,US,USA,
KVX,Kirov,RU,Russian Federation,
KWA,Kwajalein Island,MH,Marshall Islands,
KWE,Guiyang,CN,China,
KWF,Waterfall,US,USA,
KWI,Kuwait,KW,Kuwait,
KWJ,Gwangju,KR,Korea Republic of,
KWK,Kwigillingok,US,USA,
KWL,Guilin,CN,China,
KWN,Quinhagak,US,USA,
KXA,Kasaan,US,USA,
KYA,Konya,TR,Turkey,
KYK,Karluk,US,USA,
KYP,Kyaukpyu,MM,Myanmar,
KYZ,Kyzyl,RU,Russian Federation,
KZI,Kozani,GR,Greece,
KZN,Kazan,RU,Russian Federation,
KZO,Kyzylorda,KZ,Kazakhstan,
KZS,Megisti,GR,Greece,
LAD,Luanda,AO,Angola,
LAE,Lae,PG,Papua New Guinea,
LAI,Lannion,FR,France,
LAM,Los Alamos,US,USA,I
LAN,Lansing,US,USA,
LAO,Laoag,PH,Philippines,
LAP,La Paz,MX,Mexico,
LAQ,Beida,LY,Libya,I
LAR,Laramie,US,USA,
LAS,Las Vegas McCarran International Apt,US,USA,
LAU,Lamu,KE,Kenya,
LAW,Lawton/Fort Sill,US,USA,
LAX,Los Angeles International Apt,US,USA,
LBA,Leeds Bradford,GB,United Kingdom,
LBB,Lubbock Preston Smith International Apt,US,USA,
LBC,Hamburg Luebeck-Blankensee Airport,DE,Germany,
LBD,Khujand,TJ,Tajikistan,
LBE,Latrobe,US,USA,
LBF,North Platte,US,USA,
LBJ,Labuan Bajo,ID,Indonesia,
LBL,Liberal,US,USA,
LBP,Long Banga,MY,Malaysia,
LBS,Labasa,FJ,Fiji,
LBU,Labuan,MY,Malaysia,
LBV,Libreville,GA,Gabon,
LCA,Larnaca,CY,Cyprus,
LCE,La Ceiba,HN,Honduras,
LCG,A Coruna,ES,Spain,
LCH,Lake Charles,US,USA,
LCJ,Lodz Wladyslaw Reymont,PL,Poland,
LCK,Columbus Rickenbacker Intl Apt,US,USA,
LCY,London City Apt,GB,United Kingdom,
LDB,Londrina,BR,Brazil,
LDE,Lourdes/Tarbes,FR,France,
LDH,Lord Howe Island,AU,Australia,
LDS,Yichun,CN,China,
LDU,Lahad Datu,MY,Malaysia,
LDY,Derry,GB,United Kingdom,
LEA,Learmonth,AU,Australia,
LEB,Lebanon,US,USA,
LED,St Petersburg Pulkovo Apt,RU,Russian Federation,
LEH,Le Havre,FR,France,
LEI,Almeria,ES,Spain,
LEJ,Leipzig/Halle,DE,Germany,
LEN,Leon,ES,Spain,
LET,Leticia,CO,Colombia,
LEX,Lexington Blue Grass Apt,US,USA,
LFR,La Fria,VE,Venezuela,
LFT,Lafayette Regional Apt,US,USA,
LFW,Lome,TG,Togo,
LGA,New York LaGuardia Apt,US,USA,
LGB,Long Beach,US,USA,
LGG,Liege Apt,BE,Belgium,
LGI,Deadmans Cay,BS,Bahamas,
LGK,Langkawi,MY,Malaysia,
LGL,Long Lellang,MY,Malaysia,
LGP,Legaspi,PH,Philippines,
LGS,Malargue,AR,Argentina,I
LGW,London Gatwick Apt,GB,United Kingdom,
LHE,Lahore,PK,Pakistan,
LHR,London Heathrow Apt,GB,United Kingdom,
LHW,Lanzhou Zhongchuan Apt,CN,China,
LIF,Lifou,NC,New Caledonia,
LIG,Limoges,FR,France,
LIH,Lihue,US,USA,
LIL,Lille Lesquin Airport,FR,France,
LIM,Lima,PE,Peru,
LIN,Milan Linate Apt,IT,Italy,
LIR,Liberia,CR,Costa Rica,
LIS,Lisbon,PT,Portugal,
LIT,Little Rock,US,USA,
LJG,Lijiang,CN,China,
LJU,Ljubljana,SI,Slovenia,
LKB,Lakeba Island,FJ,Fiji,
LKH,Long Akah,MY,Malaysia,
LKL,Lakselv,NO,Norway,
LKN,Leknes,NO,Norway,
LKO,Lucknow,IN,India,
LLA,Lulea,SE,Sweden,
LLF,Yongzhou,CN,China,
LLI,Lalibela,ET,Ethiopia,
LLK,Lankaran,AZ,Azerbaijan,
LLU,Alluitsup Paa,GL,Greenland,I
LLW,Lilongwe,MW,Malawi,
LMM,Los Mochis,MX,Mexico,
LMN,Limbang,MY,Malaysia,
LMP,Lampedusa,IT,Italy,
LMT,Klamath Falls,US,USA,I
LNB,Lamen Bay,VU,Vanuatu,
LNE,Lonorore,VU,Vanuatu,
LNJ,Lincang,CN,China,
LNK,Lincoln,US,USA,
LNS,Lancaster,US,USA,
LNV,Lihir Island,PG,Papua New Guinea,
LNY,Lanai City,US,USA,
LNZ,Linz Blue Danube,AT,Austria,
LOD,Longana,VU,Vanuatu,
LOE,Loei,TH,Thailand,
LOH,Loja,EC,Ecuador,
LOK,Lodwar,KE,Kenya,
LOO,Laghouat,DZ,Algeria,
LOP,Praya,ID,Indonesia,
LOS,Lagos,NG,Nigeria,
LPA,Gran Canaria,ES,Spain,
LPB,La Paz,BO,Bolivia,
LPI,Linkoping,SE,Sweden,
LPL,Liverpool,GB,United Kingdom,
LPM,Lamap,VU,Vanuatu,
LPQ,Luang Prabang,LA,Lao People's Democratic Republic,
LPT,Lampang,TH,Thailand,
LRD,Laredo,US,USA,
LRE,Longreach,AU,Australia,
LRH,La Rochelle,FR,France,
LRM,La Romana,DO,Dominican Republic,
LRR,Lar,IR,Iran Islamic Republic of,
LRS,Leros,GR,Greece,
LRT,Lorient,FR,France,
LSC,La Serena,CL,Chile,
LSE,La Crosse,US,USA,
LSI,Shetland Islands Sumburgh Apt,GB,United Kingdom,
LSP,Las Piedras,VE,Venezuela,
LST,Launceston,AU,Australia,
LTI,Altai,MN,Mongolia,
LTN,London Luton Apt,GB,United Kingdom,
LTO,Loreto,MX,Mexico,
LUD,Luderitz,NA,Namibia,
LUG,Lugano,CH,Switzerland,
LUH,Ludhiana,IN,India,
LUK,Cincinnati Municipal (Lunken Fld) Apt,US,USA,
LUM,Mangshi,CN,China,
LUN,Lusaka,ZM,Zambia,
LUQ,San Luis,AR,Argentina,
LUR,Cape Lisburne,US,USA,
LUV,Langgur,ID,Indonesia,
LUW,Luwuk,ID,Indonesia,
LUX,Luxembourg,LU,Luxembourg,
LUZ,Lublin Airport,PL,Poland,
LVI,Livingstone,ZM,Zambia,
LWB,Lewisburg,US,USA,
LWN,Gyumri,AM,Armenia,
LWO,Lviv,UA,Ukraine,
LWS,Lewiston,US,USA,
LWY,Lawas,MY,Malaysia,
LXA,Lhasa/Lasa,CN,China,
LXG,Luang Namtha,LA,Lao People's Democratic Republic,
LXR,Luxor,EG,Egypt,
LXS,Limnos,GR,Greece,
LYA,Luoyang,CN,China,
LYB,Little Cayman,KY,Cayman Islands,
LYC,Lycksele,SE,Sweden,
LYG,Lianyungang,CN,China,
LYH,Lynchburg,US,USA,
LYI,Linyi,CN,China,
LYP,Faisalabad,PK,Pakistan,
LYR,Longyearbyen,NO,Norway,
LYS,Lyon St-Exupery Apt,FR,France,
LZC,Lazaro Cardenas,MX,Mexico,
LZH,Liuzhou,CN,China,
LZO,Luzhou,CN,China,
LZY,Nyingchi/Linzhi,CN,China,
MAA,Chennai,IN,India,
MAB,Maraba,BR,Brazil,
MAD,Madrid Adolfo Suarez-Barajas Apt,ES,Spain,
MAF,Midland International Apt,US,USA,
MAG,Madang,PG,Papua New Guinea,
MAH,Menorca,ES,Spain,
MAJ,Majuro,MH,Marshall Islands,
MAM,Matamoros,MX,Mexico,
MAN,Manchester,GB,United Kingdom,
MAO,Manaus Eduardo Gomes International,BR,Brazil,
MAQ,Mae Sot,TH,Thailand,
MAR,Maracaibo,VE,Venezuela,
MAS,Manus Island,PG,Papua New Guinea,
MAU,Maupiti Island,PF,French Polynesia,
MAZ,Mayaguez,PR,Puerto Rico,
MBA,Mombasa,KE,Kenya,
MBI,Mbeya,TZ,Tanzania United Republic of,
MBJ,Montego Bay,JM,Jamaica,
MBL,Manistee,US,USA,
MBS,Saginaw/Midland/Bay C.,US,USA,
MBT,Masbate,PH,Philippines,
MCE,Merced Regional Apt,US,USA,
MCG,McGrath,US,USA,
MCI,Kansas City International Apt,US,USA,
MCK,McCook,US,USA,
MCM,Monaco,MC,Monaco,
MCN,Macon Middle Georgia Regional Apt,US,USA,
MCO,Orlando International Apt,US,USA,
MCP,Macapa,BR,Brazil,
MCT,Muscat,OM,Oman,
MCV,Mcarthur River Mine,AU,Australia,
MCW,Mason City,US,USA,
MCX,Makhachkala,RU,Russian Federation,
MCY,Sunshine Coast,AU,Australia,
MCZ,Maceio,BR,Brazil,
MDC,Manado,ID,Indonesia,
MDE,Medellin Jose Maria Cordova Intl,CO,Colombia,
MDG,Mudanjiang,CN,China,
MDL,Mandalay,MM,Myanmar,
MDQ,Mar del Plata,AR,Argentina,
MDT,Harrisburg International Apt,US,USA,
MDU,Mendi,PG,Papua New Guinea,
MDW,Chicago Midway Intl,US,USA,
MDZ,Mendoza,AR,Argentina,
MEB,Melbourne Essendon Apt,AU,Australia,
MEC,Manta,EC,Ecuador,
MED,Madinah,SA,Saudi Arabia,
MEE,Mare,NC,New Caledonia,
MEH,Mehamn,NO,Norway,
MEI,Meridian,US,USA,
MEL,Melbourne Airport,AU,Australia,
MEM,Memphis,US,USA,
MES,Medan Polonia,ID,Indonesia,
MEX,Mexico City Juarez Intl,MX,Mexico,
MFE,McAllen/Mission,US,USA,
MFM,Macau,MO,Macao (SAR) China,
MFR,Medford,US,USA,
MGA,Managua,NI,Nicaragua,
MGF,Maringa,BR,Brazil,
MGM,Montgomery Regional-Dannelly Fld,US,USA,
MGQ,Mogadishu,SO,Somalia,
MGS,Mangaia Island,CK,Cook Islands,I
MGT,Milingimbi Island,AU,Australia,
MGW,Morgantown,US,USA,
MHD,Mashhad,IR,Iran Islamic Republic of,
MHH,Marsh Harbour,BS,Bahamas,
MHK,Manhattan,US,USA,
MHQ,Mariehamn,FI,Finland,
MHT,Manchester,US,USA,
MIA,Miami International Apt,US,USA,
MID,Merida,MX,Mexico,
MIG,Mianyang,CN,China,
MIR,Monastir,TN,Tunisia,
MIS,Misima Island,PG,Papua New Guinea,
MIU,Maiduguri,NG,Nigeria,
MJC,Man,CI,Cote d'Ivoire,
MJD,Mohenjodaro,PK,Pakistan,
MJF,Mosjoen,NO,Norway,
MJI,Tripoli,LY,Libya,
MJM,Mbuji-Mayi,CD,Congo Democratic Republic of,
MJN,Mahajanga,MG,Madagascar,
MJT,Mytilini,GR,Greece,
MJU,Mamuju,ID,Indonesia,
MJV,Murcia,ES,Spain,
MJZ,Mirny,RU,Russian Federation,
MKC,Kansas City C B Wheeler Downtown Apt,US,USA,
MKE,Milwaukee General Mitchell Intl Apt,US,USA,
MKG,Muskegon,US,USA,
MKK,Hoolehua,US,USA,
MKL,Jackson,US,USA,
MKM,Mukah,MY,Malaysia,
MKP,Makemo,PF,French Polynesia,
MKQ,Merauke,ID,Indonesia,
MKW,Manokwari,ID,Indonesia,
MKY,Mackay,AU,Australia,
MLA,Malta,MT,Malta,
MLB,Melbourne,US,USA,
MLE,Male,MV,Maldives,
MLG,Malang,ID,Indonesia,
MLI,Moline,US,USA,
MLM,Morelia,MX,Mexico,
MLN,Melilla,ES,Spain,
MLO,Milos,GR,Greece,
MLU,Monroe,US,USA,
MLW,Monrovia Spriggs Payne Apt,LR,Liberia,
MLX,Malatya,TR,Turkey,
MMB,Memambetsu,JP,Japan,
MME,Durham,GB,United Kingdom,
MMH,Mammoth Lakes,US,USA,
MMJ,Matsumoto,JP,Japan,
MMK,Murmansk,RU,Russian Federation,
MMX,Malmo Airport,SE,Sweden,
MMY,Miyako,JP,Japan,
MMZ,Maimanah,AF,Afghanistan,I
MNG,Maningrida,AU,Australia,
MNJ,Mananjary,MG,Madagascar,I
MNL,Manila Ninoy Aquino International Apt,PH,Philippines,
MNY,Mono Island,SB,Solomon Islands,
MOB,Mobile Regional Apt,US,USA,
MOD,Modesto,US,USA,
MOI,Mitiaro Island,CK,Cook Islands,I
MOL,Molde,NO,Norway,
MOQ,Morondava,MG,Madagascar,
MOT,Minot International Apt,US,USA,
MOV,Moranbah,AU,Australia,
MOZ,Moorea,PF,French Polynesia,
MPA,Katima Mulilo,NA,Namibia,
MPH,Caticlan,PH,Philippines,
MPL,Montpellier Mediterranee Apt,FR,France,
MPM,Maputo,MZ,Mozambique,
MPN,Mount Pleasant,FK,Falkland Islands,
MQF,Magnitogorsk,RU,Russian Federation,
MQL,Mildura,AU,Australia,
MQP,Nelspruit,ZA,South Africa,
MQT,Marquette,US,USA,
MQX,Mekele,ET,Ethiopia,
MRA,Misurata,LY,Libya,
MRD,Merida,VE,Venezuela,I
MRE,Masai Mara,KE,Kenya,
MRS,Marseille Provence Apt,FR,France,
MRU,Mauritius,MU,Mauritius,
MRV,Mineralnye Vody,RU,Russian Federation,
MRX,Bandar Mahshahr,IR,Iran Islamic Republic of,
MRY,Monterey/Carmel Monterey Regional,US,USA,
MRZ,Moree,AU,Australia,
MSA,Muskrat Dam,CA,Canada,
MSE,Manston,GB,United Kingdom,I
MSJ,Misawa,JP,Japan,
MSL,Muscle Shoals/Florence,US,USA,
MSN,Madison,US,USA,
MSO,Missoula,US,USA,
MSP,Minneapolis/St Paul International Apt,US,USA,
MSQ,Minsk International Apt,BY,Belarus,
MSS,Massena,US,USA,
MST,Maastricht/Aachen,NL,Netherlands,
MSU,Maseru,LS,Lesotho,
MSW,Massawa,ER,Eritrea,
MSY,New Orleans Louis Armstrong Intl Apt,US,USA,
MTJ,Montrose,US,USA,
MTR,Monteria,CO,Colombia,
MTS,Manzini,SZ,Swaziland,
MTT,Minatitlan,MX,Mexico,
MTV,Mota Lava,VU,Vanuatu,
MTY,Monterrey Mariano Escobedo Intl,MX,Mexico,
MUA,Munda,SB,Solomon Islands,
MUB,Maun,BW,Botswana,
MUC,Munich International Airport,DE,Germany,
MUH,Mersa Matruh,EG,Egypt,
MUK,Mauke Island,CK,Cook Islands,I
MUN,Maturin,VE,Venezuela,
MUR,Marudi,MY,Malaysia,
MUW,Mascara,DZ,Algeria,I
MUX,Multan,PK,Pakistan,
MVD,Montevideo,UY,Uruguay,
MVP,Mitu,CO,Colombia,
MVR,Maroua,CM,Cameroon,
MVT,Mataiva,PF,French Polynesia,
MVY,Martha's Vineyard,US,USA,
MWA,Marion,US,USA,
MWF,Maewo,VU,Vanuatu,
MWX,Muan,KR,Korea Republic of,
MWZ,Mwanza,TZ,Tanzania United Republic of,
MXH,Moro,PG,Papua New Guinea,
MXL,Mexicali,MX,Mexico,
MXP,Milan Malpensa Apt,IT,Italy,
MXV,Moron,MN,Mongolia,
MXZ,Meixian,CN,China,
MYD,Malindi,KE,Kenya,
MYG,Mayaguana,BS,Bahamas,
MYJ,Matsuyama,JP,Japan,
MYQ,Mysore,IN,India,
MYR,Myrtle Beach International,US,USA,
MYT,Myitkyina,MM,Myanmar,
MYW,Mtwara,TZ,Tanzania United Republic of,
MYY,Miri,MY,Malaysia,
MZG,Magong,TW,Chinese Taipei,
MZL,Manizales,CO,Colombia,
MZR,Mazar-e Sharif,AF,Afghanistan,
MZT,Mazatlan,MX,Mexico,
MZV,Mulu,MY,Malaysia,
MZW,Mecheria,DZ,Algeria,I
NAC,Naracoorte,AU,Australia,I
NAG,Nagpur,IN,India,
NAJ,Nakchivan,AZ,Azerbaijan,
NAL,Nalchik,RU,Russian Federation,
NAN,Nadi,FJ,Fiji,
NAO,Nanchong,CN,China,
NAP,Naples Capodichino Apt,IT,Italy,
NAQ,Qaanaaq,GL,Greenland,
NAS,Nassau,BS,Bahamas,
NAT,Natal,BR,Brazil,
NAU,Napuka,PF,French Polynesia,
NAY,Beijing Nanyuan Apt,CN,China,
NBC,Nizhnekamsk,RU,Russian Federation,
NBE,Enfidha,TN,Tunisia,
NBO,Nairobi Jomo Kenyatta International Apt,KE,Kenya,
NBS,Baishan,CN,China,
NBW,Guantanamo,CU,Cuba,
NCE,Nice,FR,France,
NCL,Newcastle,GB,United Kingdom,
NCU,Nukus,UZ,Uzbekistan,
NDB,Nouadhibou,MR,Mauritania,
NDG,Qiqihar,CN,China,
NDJ,N'Djamena,TD,Chad,
NDR,Nador,MA,Morocco,
NDU,Rundu,NA,Namibia,
NEV,Nevis,KN,"Saint Kitts and Nevis, Leeward Island",
NGB,Ningbo,CN,China,
NGE,Ngaoundere,CM,Cameroon,
NGO,Nagoya Chubu Centrair International Apt,JP,Japan,
NGQ,Shiquande,CN,China,
NGS,"Nagasaki, Nagasaki Airport",JP,Japan,
NGU,Norfolk NS (Chambers Field),US,USA,I
NHV,Nuku Hiva,PF,French Polynesia,
NIM,Niamey,NE,Niger,
NIP,Jacksonville NAS (Towers Field),US,USA,I
NJC,Nizhnevartovsk,RU,Russian Federation,
NJF,Al Najaf,IQ,Iraq,
NKC,Nouakchott,MR,Mauritania,
NKG,Nanjing,CN,China,
NKM,Nagoya Komaki Airport,JP,Japan,
NLA,Ndola,ZM,Zambia,
NLD,Nuevo Laredo,MX,Mexico,
NLK,Norfolk Island,NF,Norfolk Island,
NMA,Namangan,UZ,Uzbekistan,
NNB,Santa Ana Island,SB,Solomon Islands,
NNG,Nanning,CN,China,
NNM,Naryan-Mar,RU,Russian Federation,
NNT,Nan,TH,Thailand,
NNY,Nanyang,CN,China,
NOC,Knock,IE,Ireland Republic of,
NOJ,Nojabrsk,RU,Russian Federation,
NOS,Nosy-Be,MG,Madagascar,
NOU,La Tontouta,NC,New Caledonia,
NOZ,Novokuznetsk,RU,Russian Federation,
NPE,Napier-Hastings,NZ,New Zealand,
NPL,New Plymouth,NZ,New Zealand,
NQN,Neuquen,AR,Argentina,
NQY,Newquay,GB,United Kingdom,
NRK,Norrkoping,SE,Sweden,
NRN,Duesseldorf Weeze Airport,DE,Germany,
NRT,Tokyo Narita Intl,JP,Japan,
NSI,Yaounde Nsimalen Intl Apt,CM,Cameroon,
NSK,Norilsk,RU,Russian Federation,
NSN,Nelson,NZ,New Zealand,
NST,Nakhon Si Thammarat,TH,Thailand,
NTE,Nantes Atlantique Airport,FR,France,
NTG,Nantong,CN,China,
NTL,Newcastle Williamtown Apt,AU,Australia,
NTY,Sun City,ZA,South Africa,
NUE,"Nuremberg, Nuremberg",DE,Germany,
NUK,Nukutavake,PF,French Polynesia,
NUS,Norsup,VU,Vanuatu,
NUU,Nakuru,KE,Kenya,I
NUX,Novy Urengoy,RU,Russian Federation,
NVA,Neiva,CO,Colombia,
NVI,Navoi,UZ,Uzbekistan,
NVK,Narvik,NO,Norway,I
NVT,Navegantes,BR,Brazil,
NWI,Norwich,GB,United Kingdom,
NYA,Nyagan,RU,Russian Federation,
NYK,Nanyuki,KE,Kenya,
NYM,Nadym,RU,Russian Federation,
NYO,Stockholm Skavsta Airport,SE,Sweden,
NYT,Nay Pyi Taw,MM,Myanmar,
NYU,Bagan/Nyaung-U,MM,Myanmar,
OAG,Orange,AU,Australia,
OAJ,Jacksonville,US,USA,
OAK,Oakland International Apt,US,USA,
OAS,Sharana,AF,Afghanistan,I
OAX,Oaxaca,MX,Mexico,
OBO,Obihiro,JP,Japan,
OBU,Kobuk,US,USA,
OBY,Ittoqqortoormiit,GL,Greenland,
OCC,Coca,EC,Ecuador,
ODN,Long Seridan,MY,Malaysia,
ODO,Bodaybo,RU,Russian Federation,
ODS,Odesa,UA,Ukraine,
ODY,Muang Xay,LA,Lao People's Democratic Republic,
OER,Ornskoldsvik,SE,Sweden,
OFI,Ouango-Fitini,CI,Cote d'Ivoire,I
OGG,Kahului,US,USA,
OGS,Ogdensburg,US,USA,
OGX,Ouargla,DZ,Algeria,
OGZ,Vladikavkaz,RU,Russian Federation,
OHD,Ohrid,MK,Macedonia Former Yugoslav Republic of,
OHE,Mohe,CN,China,
OIT,Oita,JP,Japan,
OKA,Okinawa Naha Apt,JP,Japan,
OKC,Oklahoma City Will Rogers Apt,US,USA,
OKI,Oki,JP,Japan,
OKJ,Okayama,JP,Japan,
OKL,Oksibil,ID,Indonesia,
OLB,Olbia,IT,Italy,
OLF,Wolf Point,US,USA,
OLP,Olympic Dam,AU,Australia,
OMA,Omaha Eppley Airfield,US,USA,
OMD,Oranjemund,NA,Namibia,
OME,Nome,US,USA,
OMH,Urumiyeh,IR,Iran Islamic Republic of,
OMO,Mostar,BA,Bosnia and Herzegovina,
OMR,Oradea,RO,Romania,
OMS,Omsk,RU,Russian Federation,
OND,Ondangwa,NA,Namibia,
ONG,Mornington Island,AU,Australia,
ONT,Ontario,US,USA,
OOK,Toksook Bay,US,USA,
OOL,Gold Coast,AU,Australia,
OOM,Cooma,AU,Australia,
OPO,Porto,PT,Portugal,
OPS,Sinop,BR,Brazil,
ORB,Orebro,SE,Sweden,
ORD,Chicago O'Hare International Apt,US,USA,
ORF,Norfolk International Apt,US,USA,
ORH,Worcester,US,USA,
ORK,Cork,IE,Ireland Republic of,
ORN,Oran Ahmed Ben Bella Apt,DZ,Algeria,
ORU,Oruro,BO,Bolivia,
ORV,Noorvik,US,USA,
ORY,Paris Orly Apt,FR,France,
OSD,Are/Ostersund,SE,Sweden,
OSI,Osijek,HR,Croatia,
OSL,Oslo Gardermoen Airport,NO,Norway,
OSO,Osborne Mine,AU,Australia,
OSR,Ostrava,CZ,Czech Republic,
OSS,Osh,KG,Kyrgyzstan,
OST,Oostende/Brugge,BE,Belgium,
OSW,Orsk,RU,Russian Federation,
OSY,Namsos,NO,Norway,
OTH,North Bend,US,USA,
OTP,Bucharest Henri Coanda Apt,RO,Romania,
OTZ,Kotzebue,US,USA,
OUA,Ouagadougou,BF,Burkina Faso,
OUD,Oujda,MA,Morocco,
OUL,Oulu,FI,Finland,
OUZ,Zouerate,MR,Mauritania,
OVB,Novosibirsk,RU,Russian Federation,
OVD,Asturias,ES,Spain,
OVS,Sovetsky,RU,Russian Federation,
OWB,Owensboro,US,USA,
OXB,Bissau,GW,Guinea-Bissau,
OZC,Ozamis,PH,Philippines,
OZG,Zagora,MA,Morocco,
OZZ,Ouarzazate,MA,Morocco,
PAC,Panama City Marcos A.Gelabert Intl,PA,Panama,
PAD,Paderborn/Lippstadt,DE,Germany,
PAG,Pagadian,PH,Philippines,
PAH,Paducah,US,USA,
PAP,Port au Prince,HT,Haiti,
PAS,Paros,GR,Greece,
PAT,Patna,IN,India,
PAZ,Poza Rica,MX,Mexico,
PBC,Puebla,MX,Mexico,
PBD,Porbandar,IN,India,
PBG,Plattsburgh,US,USA,
PBH,Paro,BT,Bhutan,
PBI,West Palm Beach International Apt,US,USA,
PBJ,Paama,VU,Vanuatu,
PBL,Puerto Cabello,VE,Venezuela,I
PBM,Paramaribo Johan A Pengel Intl Apt,SR,Suriname,
PBO,Paraburdoo,AU,Australia,
PBU,Putao,MM,Myanmar,
PCL,Pucallpa,PE,Peru,
PCR,Puerto Carreno,CO,Colombia,
PDA,Puerto Inirida,CO,Colombia,
PDG,Padang,ID,Indonesia,
PDL,Ponta Delgada,PT,Portugal,
PDP,Punta Del Este,UY,Uruguay,
PDS,Piedras Negras,MX,Mexico,
PDT,Pendleton,US,USA,
PDV,Plovdiv,BG,Bulgaria,
PDX,Portland,US,USA,
PED,Pardubice,CZ,Czech Republic,
PEE,Perm,RU,Russian Federation,
PEG,Perugia,IT,Italy,
PEI,Pereira,CO,Colombia,
PEK,Beijing Capital Intl Apt,CN,China,
PEM,Puerto Maldonado,PE,Peru,
PEN,Penang,MY,Malaysia,
PER,Perth,AU,Australia,
PET,Pelotas,BR,Brazil,
PEU,Puerto Lempira,HN,Honduras,
PEW,Peshawar,PK,Pakistan,
PFB,Passo Fundo,BR,Brazil,
PFO,Paphos,CY,Cyprus,
PGA,Page,US,USA,
PGF,Perpignan,FR,France,
PGH,Pantnagar,IN,India,
PGK,Pangkalpinang,ID,Indonesia,
PGV,Greenville,US,USA,
PGX,Perigueux,FR,France,
PHC,Port Harcourt,NG,Nigeria,
PHE,Port Hedland,AU,Australia,
PHF,Newport News/Williamsburg,US,USA,
PHL,Philadelphia International Apt,US,USA,
PHO,Point Hope,US,USA,
PHS,Phitsanulok,TH,Thailand,
PHW,Phalaborwa,ZA,South Africa,
PHX,Phoenix Sky Harbor Intl Apt,US,USA,
PIA,Peoria,US,USA,
PIB,Hattiesburg/Laurel Regional Apt,US,USA,
PIE,Tampa St Pete-Clearwater Intl Apt,US,USA,
PIH,Pocatello,US,USA,
PIP,Pilot Point Airport,US,USA,
PIR,Pierre,US,USA,
PIS,Poitiers Biard Airport,FR,France,
PIT,Pittsburgh International Apt,US,USA,
PIU,Piura,PE,Peru,
PIX,Pico Island,PT,Portugal,
PJG,Panjgur,PK,Pakistan,
PJM,Puerto Jimenez,CR,Costa Rica,I
PKB,Parkersburg,US,USA,
PKC,Petropavlovsk,RU,Russian Federation,
PKN,Pangkalanbun,ID,Indonesia,
PKP,Puka Puka,PF,French Polynesia,
PKR,Pokhara,NP,Nepal,
PKU,Pekanbaru,ID,Indonesia,
PKY,Palangkaraya,ID,Indonesia,
PKZ,Pakse,LA,Lao People's Democratic Republic,
PLM,Palembang,ID,Indonesia,
PLN,Pellston,US,USA,
PLO,Port Lincoln,AU,Australia,
PLQ,Klaipeda/Palanga,LT,Lithuania,
PLS,Providenciales,TC,Turks and Caicos Islands,
PLU,Belo Horizonte Pampulha Apt,BR,Brazil,
PLW,Palu,ID,Indonesia,
PLZ,Port Elizabeth,ZA,South Africa,
PMC,Puerto Montt,CL,Chile,
PMF,Milan Parma Apt,IT,Italy,
PMI,Palma De Mallorca,ES,Spain,
PML,Port Moller,US,USA,
PMO,Palermo,IT,Italy,
PMR,Palmerston North,NZ,New Zealand,
PMV,Porlamar,VE,Venezuela,
PMW,Palmas,BR,Brazil,
PMY,Puerto Madryn,AR,Argentina,
PMZ,Palmar,CR,Costa Rica,I
PNA,Pamplona,ES,Spain,
PND,Punta Gorda,BZ,Belize,
PNH,Phnom Penh,KH,Cambodia,
PNI,Pohnpei,FM,Micronesia Federated States of,
PNK,Pontianak,ID,Indonesia,
PNL,Pantelleria,IT,Italy,
PNP,Popondetta,PG,Papua New Guinea,
PNQ,Pune,IN,India,
PNR,Pointe-Noire,CG,Congo,
PNS,Pensacola International,US,USA,
PNZ,Petrolina,BR,Brazil,
POA,Porto Alegre,BR,Brazil,
POB,Fort Bragg,US,USA,I
POG,Port Gentil,GA,Gabon,
POI,Potosi,BO,Bolivia,
POL,Pemba,MZ,Mozambique,
POM,Port Moresby,PG,Papua New Guinea,
POP,Puerto Plata,DO,Dominican Republic,
POR,Pori,FI,Finland,
POS,Port of Spain,TT,Trinidad and Tobago,
POZ,Poznan Lawica Apt,PL,Poland,
PPG,Pago Pago,AS,American Samoa,
PPK,Petropavlovsk,KZ,Kazakhstan,
PPN,Popayan,CO,Colombia,
PPP,Proserpine,AU,Australia,
PPQ,Paraparaumu,NZ,New Zealand,
PPS,Puerto Princesa,PH,Philippines,
PPT,Tahiti,PF,French Polynesia,
PQC,Phuquoc,VN,Viet Nam,
PQI,Presque Isle,US,USA,
PQM,Palenque,MX,Mexico,
PQQ,Port Macquarie,AU,Australia,
PRA,Parana,AR,Argentina,
PRC,Prescott,US,USA,
PRG,Prague Ruzyne,CZ,Czech Republic,
PRH,Phrae,TH,Thailand,
PRI,Praslin Island,SC,Seychelles,
PRN,Pristina,RS,Serbia,
PSA,Pisa,IT,Italy,
PSC,Pasco,US,USA,
PSE,Ponce,PR,Puerto Rico,
PSG,Petersburg,US,USA,
PSO,Pasto,CO,Colombia,
PSP,Palm Springs International Apt,US,USA,
PSR,Pescara,IT,Italy,
PSS,Posadas,AR,Argentina,
PSU,Putussibau,ID,Indonesia,
PSZ,Puerto Suarez,BO,Bolivia,
PTG,Polokwane,ZA,South Africa,
PTH,Port Heiden,US,USA,
PTJ,Portland,AU,Australia,
PTP,Pointe-a-Pitre,GP,Guadeloupe,
PTY,Panama City Tocumen International,PA,Panama,
PUB,Pueblo,US,USA,
PUF,Pau,FR,France,
PUG,Port Augusta,AU,Australia,
PUJ,Punta Cana,DO,Dominican Republic,
PUK,Pukarua,PF,French Polynesia,
PUM,Kolaka,ID,Indonesia,
PUQ,Punta Arenas,CL,Chile,
PUS,Busan,KR,Korea Republic of,
PUU,Puerto Asis,CO,Colombia,
PUW,Pullman/Moscow,US,USA,
PUY,Pula,HR,Croatia,
PVC,Provincetown,US,USA,
PVD,Providence,US,USA,
PVG,Shanghai Pudong International Apt,CN,China,
PVH,Porto Velho,BR,Brazil,
PVK,Preveza/Lefkada,GR,Greece,
PVR,Puerto Vallarta,MX,Mexico,
PWM,Portland,US,USA,
PWQ,Pavlodar,KZ,Kazakhstan,
PXM,Puerto Escondido,MX,Mexico,
PXO,Porto Santo,PT,Portugal,
PXU,Pleiku,VN,Viet Nam,
PYH,Puerto Ayacucho,VE,Venezuela,I
PYY,Pai,TH,Thailand,I
PZB,Pietermaritzburg,ZA,South Africa,
PZH,Zhob,PK,Pakistan,
PZI,Panzhihua,CN,China,
PZO,Puerto Ordaz,VE,Venezuela,
PZU,Port Sudan,SD,Sudan,
QBC,Bella Coola,CA,Canada,
QCU,Akunnaaq,GL,Greenland,I
QFG,Eqalugaarsuit Heliport,GL,Greenland,I
QFI,Iginniarfik,GL,Greenland,I
QFN,Narsaq Kujalleq Heliport,GL,Greenland,I
QFX,Igaliku Heliport,GL,Greenland,I
QGQ,Attu,GL,Greenland,I
QJE,Kitsissuarsuit,GL,Greenland,I
QJI,Ikamiut,GL,Greenland,I
QMK,Niaqornaarsuk,GL,Greenland,I
QOW,Owerri,NG,Nigeria,
QPW,Kangaatsiaq,GL,Greenland,I
QRO,Queretaro,MX,Mexico,
QRW,Warri,NG,Nigeria,
QRY,Ikerasaarsuk,GL,Greenland,I
QSF,Setif,DZ,Algeria,
QUO,Uyo,NG,Nigeria,
QUP,Saqqaq,GL,Greenland,I
QUV,Aappilattoq Nanortalik Heliport,GL,Greenland,I
QUW,Ammassivik Heliport,GL,Greenland,I
RAB,Rabaul,PG,Papua New Guinea,
RAE,Arar,SA,Saudi Arabia,
RAH,Rafha,SA,Saudi Arabia,
RAI,Praia,CV,Cape Verde,
RAJ,Rajkot,IN,India,
RAK,Marrakech,MA,Morocco,
RAO,Ribeirao Preto,BR,Brazil,
RAP,Rapid City Regional Apt,US,USA,
RAR,Rarotonga Island,CK,Cook Islands,
RAS,Rasht,IR,Iran Islamic Republic of,
RBA,Rabat,MA,Morocco,
RBR,Rio Branco,BR,Brazil,
RBV,Ramata Island,SB,Solomon Islands,
RCB,Richards Bay,ZA,South Africa,
RCH,Riohacha,CO,Colombia,
RDB,Red Dog,US,USA,
RDD,Redding,US,USA,
RDM,Redmond/Bend,US,USA,
RDN,Redang Island,MY,Malaysia,I
RDU,Raleigh/Durham,US,USA,
RDZ,Rodez,FR,France,
REA,Reao,PF,French Polynesia,
REC,Recife,BR,Brazil,
REG,Reggio di Calabria,IT,Italy,
REL,Trelew,AR,Argentina,
REN,Orenburg,RU,Russian Federation,
REP,Siem Reap,KH,Cambodia,
RES,Resistencia,AR,Argentina,
RET,Rost,NO,Norway,
REU,Reus,ES,Spain,
REX,Reynosa,MX,Mexico,
RFD,Chicago/Rockford International,US,USA,
RFP,Raiatea Island,PF,French Polynesia,
RGA,Rio Grande,AR,Argentina,
RGI,Rangiroa Island,PF,French Polynesia,
RGL,Rio Gallegos,AR,Argentina,
RGN,Yangon,MM,Myanmar,
RGS,Burgos,ES,Spain,I
RHD,Termas de Rio Hondo,AR,Argentina,
RHI,Rhinelander,US,USA,
RHO,Rhodes,GR,Greece,
RIA,Santa Maria,BR,Brazil,
RIB,Riberalta,BO,Bolivia,
RIC,Richmond,US,USA,
RIG,Rio Grande,BR,Brazil,I
RIW,Riverton,US,USA,
RIX,Riga,LV,Latvia,
RIY,Mukalla,YE,Yemen,
RJA,Rajahmundry,IN,India,
RJH,Rajshahi,BD,Bangladesh,
RJK,Rijeka,HR,Croatia,
RJL,Logrono,ES,Spain,
RKA,Aratika,PF,French Polynesia,
RKD,Rockland,US,USA,
RKS,Rock Springs,US,USA,
RKT,Ras al Khaimah,AE,United Arab Emirates,
RKV,Reykjavik Apt,IS,Iceland,
RLG,Rostock,DE,Germany,
RMA,Roma,AU,Australia,
RMF,Marsa Alam,EG,Egypt,
RMI,Rimini,IT,Italy,
RMQ,Taichung,TW,Chinese Taipei,
RMT,Rimatara,PF,French Polynesia,
RNA,Arona,SB,Solomon Islands,
RNB,Ronneby/Karlskrona,SE,Sweden,
RNL,Rennell Island,SB,Solomon Islands,
RNO,Reno,US,USA,
RNS,Rennes St Jacques Airport,FR,France,
ROA,Roanoke,US,USA,
ROB,Monrovia Roberts International Apt,LR,Liberia,
ROC,Rochester,US,USA,
ROI,Roi Et,TH,Thailand,
ROK,Rockhampton,AU,Australia,
ROP,Rota,MP,Northern Mariana Islands,
ROR,Koror,PW,Palau,
ROS,Rosario,AR,Argentina,
ROT,Rotorua,NZ,New Zealand,
ROV,Rostov,RU,Russian Federation,
ROW,Roswell,US,USA,
RPR,Raipur,IN,India,
RRG,Rodrigues Island,MU,Mauritius,
RRR,Raroia,PF,French Polynesia,
RRS,Roros,NO,Norway,
RSA,Santa Rosa,AR,Argentina,
RSD,Rock Sound,BS,Bahamas,
RST,Rochester,US,USA,
RSU,Yeosu/Suncheon,KR,Korea Republic of,
RSW,Fort Myers SW Florida International Apt,US,USA,
RTA,Rotuma Island,FJ,Fiji,
RTB,Roatan,HN,Honduras,
RTM,Rotterdam Apt,NL,Netherlands,
RUA,Arua,UG,Uganda,
RUH,Riyadh King Khalid Intl,SA,Saudi Arabia,
RUN,St-Denis,RE,Reunion,
RUP,Rupsi,IN,India,
RUR,Rurutu,PF,French Polynesia,
RUS,Marau,SB,Solomon Islands,
RUT,Rutland,US,USA,
RVN,Rovaniemi,FI,Finland,
RVT,Ravensthorpe,AU,Australia,
RVV,Raivavae,PF,French Polynesia,
RXS,Roxas,PH,Philippines,
RYG,Oslo Moss-Rygge Airport,NO,Norway,I
RYK,Rahim Yar Khan,PK,Pakistan,
RZE,Rzeszow,PL,Poland,
SAB,Saba,BQ,"Bonaire, Saint Eustatius and Saba",
SAE,Saatut,GL,Greenland,
SAF,Santa Fe,US,USA,
SAH,Sanaa,YE,Yemen,
SAL,San Salvador,SV,El Salvador,
SAN,San Diego International,US,USA,
SAP,San Pedro Sula,HN,Honduras,
SAT,San Antonio International Apt,US,USA,
SAV,Savannah Hilton Head International Apt,US,USA,
SAW,Istanbul Sabiha Gokcen Apt,TR,Turkey,
SBA,Santa Barbara,US,USA,
SBH,St Barthelemy,BL,Saint Barthelemy,
SBN,South Bend,US,USA,
SBP,San Luis Obispo,US,USA,
SBW,Sibu,MY,Malaysia,
SBY,Salisbury/Ocean City,US,USA,
SBZ,Sibiu,RO,Romania,
SCC,Prudhoe Bay/Deadhorse,US,USA,
SCE,State College,US,USA,
SCL,Santiago,CL,Chile,
SCM,Scammon Bay,US,USA,
SCN,Saarbruecken Airport,DE,Germany,
SCO,Aktau,KZ,Kazakhstan,
SCQ,Santiago de Compostela,ES,Spain,
SCT,Socotra,YE,Yemen,I
SCU,Santiago de Cuba,CU,Cuba,
SCV,Suceava,RO,Romania,
SCW,Syktyvkar,RU,Russian Federation,
SCY,San Cristobal Island,EC,Ecuador,
SCZ,Santa Cruz Island,SB,Solomon Islands,
SDE,Santiago del Estero,AR,Argentina,
SDF,Louisville Intl-Standiford Field,US,USA,
SDJ,Sendai,JP,Japan,
SDK,Sandakan,MY,Malaysia,
SDL,Sundsvall/Harnosand,SE,Sweden,
SDP,Sand Point,US,USA,
SDQ,Santo Domingo Las Americas Intl,DO,Dominican Republic,
SDR,Santander,ES,Spain,
SDU,Rio de Janeiro Santos Dumont Apt,BR,Brazil,
SDV,Tel Aviv-Yafo Sde Dov,IL,Israel,
SDY,Sidney,US,USA,
SEA,Seattle-Tacoma International Apt,US,USA,
SEB,Sebha,LY,Libya,I
SEN,London Southend Apt,GB,United Kingdom,
SEZ,Mahe Island,SC,Seychelles,
SFA,Sfax,TN,Tunisia,
SFB,Orlando Sanford International Airport,US,USA,
SFD,San Fernando Apure,VE,Venezuela,I
SFG,St Martin,MF,Saint Martin,
SFJ,Kangerlussuaq,GL,Greenland,
SFN,Santa Fe,AR,Argentina,
SFO,San Francisco,US,USA,
SFT,Skelleftea,SE,Sweden,
SGC,Surgut,RU,Russian Federation,
SGD,Sonderborg Airport,DK,Denmark,
SGF,Springfield,US,USA,
SGG,Sermiligaaq,GL,Greenland,
SGN,Ho Chi Minh City,VN,Viet Nam,
SGU,St George,US,USA,
SGY,Skagway,US,USA,
SHA,Shanghai Hongqiao International Apt,CN,China,
SHB,Nakashibetsu,JP,Japan,
SHC,Inda Selassie,ET,Ethiopia,
SHD,Staunton/Waynesborough,US,USA,
SHE,Shenyang,CN,China,
SHH,Shishmaref,US,USA,
SHJ,Sharjah,AE,United Arab Emirates,
SHL,Shillong,IN,India,
SHM,Shirahama,JP,Japan,
SHR,Sheridan,US,USA,I
SHV,Shreveport Regional Apt,US,USA,
SHW,Sharurah,SA,Saudi Arabia,
SHX,Shageluk,US,USA,
SID,Sal Island,CV,Cape Verde,
SIN,Singapore Changi Apt,SG,Singapore,
SIP,Simferopol,UA,Ukraine,
SIT,Sitka,US,USA,
SJC,San Jose Norman Y. Mineta Intl,US,USA,
SJD,San Jose Cabo,MX,Mexico,
SJE,San Jose del Guaviare,CO,Colombia,
SJI,San Jose,PH,Philippines,
SJJ,Sarajevo,BA,Bosnia and Herzegovina,
SJO,San Jose Juan Santamaria Apt,CR,Costa Rica,
SJP,Sao Jose do Rio Preto,BR,Brazil,
SJT,San Angelo,US,USA,
SJU,San Juan Luis Munoz Marin Intl Apt,PR,Puerto Rico,
SJW,Shijiazhuang,CN,China,
SJZ,Sao Jorge Island,PT,Portugal,
SKB,St Kitts,KN,"Saint Kitts and Nevis, Leeward Island",
SKD,Samarkand,UZ,Uzbekistan,
SKE,Skien,NO,Norway,I
SKG,Thessaloniki,GR,Greece,
SKK,Shaktoolik,US,USA,
SKN,Stokmarknes,NO,Norway,
SKO,Sokoto,NG,Nigeria,
SKP,Skopje,MK,Macedonia Former Yugoslav Republic of,
SKT,Sialkot,PK,Pakistan,
SKU,Skyros,GR,Greece,
SKZ,Sukkur,PK,Pakistan,
SLA,Salta,AR,Argentina,
SLC,Salt Lake City,US,USA,
SLH,Sola,VU,Vanuatu,
SLK,Saranac Lake,US,USA,
SLL,Salalah,OM,Oman,
SLM,Salamanca,ES,Spain,
SLN,Salina,US,USA,
SLP,San Luis Potosi,MX,Mexico,
SLU,St Lucia George F.L. Charles Apt,LC,Saint Lucia,
SLW,Saltillo,MX,Mexico,
SLY,Salekhard,RU,Russian Federation,
SLZ,Sao Luiz,BR,Brazil,
SMA,Santa Maria Island,PT,Portugal,
SMF,Sacramento International Apt,US,USA,
SMI,Samos,GR,Greece,
SML,Stella Maris,BS,Bahamas,
SMR,Santa Marta,CO,Colombia,
SMS,Ste Marie,MG,Madagascar,
SMX,Santa Maria,US,USA,
SNA,Santa Ana,US,USA,
SNN,Shannon,IE,Ireland Republic of,
SNO,Sakon Nakhon,TH,Thailand,
SNP,St Paul Island,US,USA,
SNR,St-Nazaire,FR,France,
SNU,Santa Clara,CU,Cuba,
SNV,Santa Elena de Uairen,VE,Venezuela,I
SNW,Thandwe,MM,Myanmar,
SOB,Balaton,HU,Hungary,
SOC,Surakarta (Solo),ID,Indonesia,
SOF,Sofia,BG,Bulgaria,
SOG,Sogndal,NO,Norway,
SOJ,Sorkjosen,NO,Norway,
SOM,San Tome,VE,Venezuela,
SON,Espiritu Santo,VU,Vanuatu,
SOQ,Sorong,ID,Indonesia,
SOU,Southampton,GB,United Kingdom,
SOW,Show Low,US,USA,
SPC,Santa Cruz de la Palma,ES,Spain,
SPD,Saidpur,BD,Bangladesh,
SPI,Springfield,US,USA,
SPN,Saipan,MP,Northern Mariana Islands,
SPS,Wichita Falls Municipal/Sheppard AFB,US,USA,
SPU,Split,HR,Croatia,
SPY,San Pedro,CI,Cote d'Ivoire,
SRE,Sucre,BO,Bolivia,
SRG,Semarang,ID,Indonesia,
SRQ,Sarasota/Bradenton,US,USA,
SRY,Sari,IR,Iran Islamic Republic of,
SRZ,Santa Cruz El Trompillo Apt,BO,Bolivia,I
SSA,Salvador,BR,Brazil,
SSG,Malabo,GQ,Equatorial Guinea,
SSH,Sharm el-Sheikh,EG,Egypt,
SSR,Sara,VU,Vanuatu,
STC,St Cloud,US,USA,
STD,Santo Domingo,VE,Venezuela,
STI,Santiago,DO,Dominican Republic,
STL,St Louis Lambert Intl Apt,US,USA,
STM,Santarem,BR,Brazil,
STN,London Stansted Apt,GB,United Kingdom,
STR,Stuttgart Airport,DE,Germany,
STS,Santa Rosa,US,USA,
STT,St Thomas Cyril E King Apt,VI,"Virgin Islands, US",
STV,Surat,IN,India,
STW,Stavropol,RU,Russian Federation,
STX,St Croix Henry E. Rohlsen Apt,VI,"Virgin Islands, US",
SUB,Surabaya,ID,Indonesia,
SUF,Lamezia Terme,IT,Italy,
SUG,Surigao,PH,Philippines,
SUJ,Satu Mare,RO,Romania,
SUN,Sun Valley Friedman Memorial Apt,US,USA,
SUR,Summer Beaver,CA,Canada,
SUV,Suva,FJ,Fiji,
SUX,Sioux City,US,USA,
SVA,Savoonga,US,USA,
SVB,Sambava,MG,Madagascar,
SVC,Silver City,US,USA,
SVD,St Vincent,VC,St Vincent and the Grenadines,
SVG,Stavanger,NO,Norway,
SVJ,Svolvaer,NO,Norway,
SVL,Savonlinna,FI,Finland,
SVN,Savannah Hunter AAF,US,USA,I
SVO,Moscow Sheremetyevo International Apt,RU,Russian Federation,
SVQ,Sevilla Airport,ES,Spain,
SVU,Savusavu,FJ,Fiji,
SVX,Yekaterinburg,RU,Russian Federation,
SVZ,San Antonio Tachira,VE,Venezuela,I
SWA,Shantou,CN,China,
SWF,New York Stewart International,US,USA,
SWJ,South West Bay,VU,Vanuatu,
SWV,Evensk,RU,Russian Federation,
SXB,Strasbourg,FR,France,
SXF,Berlin Schoenefeld Apt,DE,Germany,
SXK,Saumlaki,ID,Indonesia,
SXM,St Maarten,SX,St Maarten (Dutch Part),
SXR,Srinagar,IN,India,
SYD,Sydney Kingsford Smith Apt,AU,Australia,
SYM,Simao,CN,China,
SYQ,San Jose Tobias Bolanos Apt,CR,Costa Rica,I
SYR,Syracuse,US,USA,
SYX,Sanya,CN,China,
SYY,Stornoway,GB,United Kingdom,
SYZ,Shiraz,IR,Iran Islamic Republic of,
SZB,Kuala Lumpur Sultan Abdul Aziz Shah Apt,MY,Malaysia,
SZF,Samsun,TR,Turkey,
SZG,Salzburg W A Mozart,AT,Austria,
SZK,Skukuza,ZA,South Africa,
SZX,Shenzhen,CN,China,
SZZ,Szczecin,PL,Poland,
TAB,Tobago,TT,Trinidad and Tobago,
TAC,Tacloban,PH,Philippines,
TAE,Daegu,KR,Korea Republic of,
TAG,Tagbilaran,PH,Philippines,
TAH,Tanna,VU,Vanuatu,
TAI,Taizz,YE,Yemen,
TAK,Takamatsu,JP,Japan,
TAM,Tampico,MX,Mexico,
TAO,Qingdao,CN,China,
TAP,Tapachula,MX,Mexico,
TAS,Tashkent,UZ,Uzbekistan,
TAT,Poprad,SK,Slovakia,
TAY,Tartu,EE,Estonia,
TBB,Tuyhoa,VN,Viet Nam,
TBG,Tabubil,PG,Papua New Guinea,
TBN,Fort Leonard Wood,US,USA,
TBO,Tabora,TZ,Tanzania United Republic of,
TBP,Tumbes,PE,Peru,
TBS,Tbilisi,GE,Georgia,
TBU,Nuku'Alofa,TO,Tonga,
TBW,Tambov,RU,Russian Federation,
TBZ,Tabriz,IR,Iran Islamic Republic of,
TCB,Treasure Cay,BS,Bahamas,
TCG,Tacheng,CN,China,
TCO,Tumaco,CO,Colombia,
TCQ,Tacna,PE,Peru,
TCT,Takotna,US,USA,I
TCZ,Tengchong,CN,China,
TDD,Trinidad,BO,Bolivia,
TDG,Tandag,PH,Philippines,
TDX,Trat,TH,Thailand,
TEB,Teterboro,US,USA,
TEE,Tebessa,DZ,Algeria,
TEN,Tongren,CN,China,
TER,Terceira,PT,Portugal,
TET,Tete,MZ,Mozambique,
TEX,Telluride,US,USA,
TFN,Tenerife Norte,ES,Spain,
TFS,Tenerife Sur Apt,ES,Spain,
TGC,Tanjung Manis,MY,Malaysia,
TGD,Podgorica,ME,Montenegro,
TGG,Kuala Terengganu,MY,Malaysia,
TGH,Tongoa,VU,Vanuatu,
TGJ,Tiga,NC,New Caledonia,
TGM,Tirgu Mures,RO,Romania,
TGO,Tongliao,CN,China,
TGR,Touggourt,DZ,Algeria,
TGU,Tegucigalpa,HN,Honduras,
TGZ,Tuxtla Gutierrez,MX,Mexico,
THE,Teresina,BR,Brazil,
THL,Tachilek,MM,Myanmar,
THQ,Tianshui,CN,China,
THR,Tehran Mehrabad International Airport,IR,Iran Islamic Republic of,
THS,Sukhothai,TH,Thailand,
THU,Pituffik,GL,Greenland,
TIA,Tirana,AL,Albania,
TID,Tiaret,DZ,Algeria,
TIF,Taif,SA,Saudi Arabia,
TIH,Tikehau,PF,French Polynesia,
TII,Tarin Kot,AF,Afghanistan,
TIJ,Tijuana,MX,Mexico,
TIM,Tembagapura/Timika,ID,Indonesia,
TIN,Tindouf,DZ,Algeria,
TIP,Tripoli,LY,Libya,
TIR,Tirupati,IN,India,
TIU,Timaru,NZ,New Zealand,
TIV,Tivat,ME,Montenegro,
TIZ,Tari,PG,Papua New Guinea,
TJA,Tarija,BO,Bolivia,
TJM,Tyumen,RU,Russian Federation,
TJQ,Tanjung Pandan,ID,Indonesia,
TJU,Kulob,TJ,Tajikistan,
TKG,Bandar Lampung,ID,Indonesia,
TKK,Chuuk,FM,Micronesia Federated States of,
TKP,Takapoto,PF,French Polynesia,
TKQ,Kigoma,TZ,Tanzania United Republic of,
TKS,Tokushima,JP,Japan,
TKU,Turku,FI,Finland,
TKV,Tatakoto,PF,French Polynesia,
TKX,Takaroa,PF,French Polynesia,
TLC,Mexico City Toluca-A.Lopez Mateos,MX,Mexico,
TLE,Toliara,MG,Madagascar,
TLH,Tallahassee,US,USA,
TLJ,Tatalina,US,USA,I
TLL,Tallinn,EE,Estonia,
TLM,Tlemcen,DZ,Algeria,
TLN,Toulon/Hyeres,FR,France,
TLS,Toulouse,FR,France,
TLV,Tel Aviv-Yafo Ben Gurion Intl Apt,IL,Israel,
TMC,Tambolaka,ID,Indonesia,
TMI,Tumlingtar,NP,Nepal,
TMJ,Termez,UZ,Uzbekistan,
TMM,Toamasina,MG,Madagascar,
TMP,Tampere,FI,Finland,
TMR,Tamanrasset,DZ,Algeria,
TMS,Sao Tome,ST,Sao Tome and Principe,
TMU,Tambor,CR,Costa Rica,I
TMW,Tamworth,AU,Australia,
TMX,Timimoun,DZ,Algeria,
TNA,Jinan,CN,China,
TNC,Tin City,US,USA,
TNG,Tangier,MA,Morocco,
TNH,Tonghua,CN,China,
TNJ,Tanjung Pinang,ID,Indonesia,
TNN,Tainan,TW,Chinese Taipei,
TNO,Tamarindo,CR,Costa Rica,I
TNR,Antananarivo,MG,Madagascar,
TOB,Tobruk,LY,Libya,
TOD,Tioman Island,MY,Malaysia,I
TOE,Tozeur,TN,Tunisia,
TOF,Tomsk,RU,Russian Federation,
TOG,Togiak,US,USA,
TOH,Torres,VU,Vanuatu,
TOL,Toledo Express Apt,US,USA,
TOS,Tromso,NO,Norway,
TOU,Touho,NC,New Caledonia,
TOY,Toyama,JP,Japan,
TPA,Tampa International Apt,US,USA,
TPE,Taipei Taiwan Taoyuan International Apt,TW,Chinese Taipei,
TPP,Tarapoto,PE,Peru,
TPQ,Tepic,MX,Mexico,
TPS,Trapani,IT,Italy,
TQL,Tarko-Sale,RU,Russian Federation,
TQR,San Domino Island,IT,Italy,
TRC,Torreon,MX,Mexico,
TRD,Trondheim Vaernes Airport,NO,Norway,
TRE,Tiree,GB,United Kingdom,
TRF,Oslo Sandefjord-Torp Arpt,NO,Norway,
TRG,Tauranga,NZ,New Zealand,
TRI,Bristol/Johnson/Kingsport,US,USA,
TRK,Tarakan,ID,Indonesia,
TRN,Turin Caselle Airport,IT,Italy,
TRR,Trincomalee,LK,Sri Lanka,
TRS,Trieste,IT,Italy,
TRU,Trujillo,PE,Peru,
TRV,Thiruvananthapuram,IN,India,
TRW,Tarawa,KI,Kiribati,
TRZ,Tiruchchirappalli,IN,India,
TSA,Taipei Songshan,TW,Chinese Taipei,
TSE,Astana,KZ,Kazakhstan,
TSF,Venice Treviso/Sant'Angelo Apt,IT,Italy,
TSJ,Tsushima,JP,Japan,
TSN,Tianjin,CN,China,
TSR,Timisoara,RO,Romania,
TST,Trang,TH,Thailand,
TSV,Townsville,AU,Australia,
TTA,Tan Tan,MA,Morocco,
TTE,Ternate,ID,Indonesia,
TTN,Philadelphia Trenton-Mercer Apt,US,USA,
TTQ,Tortuguero,CR,Costa Rica,I
TTT,Taitung,TW,Chinese Taipei,
TTU,Tetouan,MA,Morocco,
TUB,Tubuai,PF,French Polynesia,
TUC,Tucuman,AR,Argentina,
TUG,Tuguegarao,PH,Philippines,
TUI,Turaif,SA,Saudi Arabia,
TUK,Turbat,PK,Pakistan,
TUL,Tulsa International Apt,US,USA,
TUN,Tunis,TN,Tunisia,
TUO,Taupo,NZ,New Zealand,
TUP,Tupelo,US,USA,
TUS,Tucson International Apt,US,USA,
TUU,Tabuk,SA,Saudi Arabia,
TVC,Traverse City,US,USA,
TVF,Thief River Falls,US,USA,
TVS,Tangshan,CN,China,
TVU,Taveuni Island,FJ,Fiji,
TWF,Twin Falls,US,USA,
TWU,Tawau,MY,Malaysia,
TXK,Texarkana,US,USA,
TXL,Berlin Tegel Apt,DE,Germany,
TXN,Huangshan,CN,China,
TYL,Talara,PE,Peru,
TYN,Taiyuan,CN,China,
TYR,Tyler,US,USA,
TYS,Knoxville,US,USA,
TZA,Belize City Municipal Apt,BZ,Belize,
TZL,Tuzla,BA,Bosnia and Herzegovina,
TZX,Trabzon,TR,Turkey,
UAH,Ua Huka,PF,French Polynesia,
UAK,Narsarsuaq,GL,Greenland,
UAP,Ua Pou,PF,French Polynesia,
UAQ,San Juan,AR,Argentina,
UAS,Samburu,KE,Kenya,
UBA,Uberaba,BR,Brazil,
UBJ,Ube,JP,Japan,
UBP,Ubon Ratchathani,TH,Thailand,
UCT,Ukhta,RU,Russian Federation,
UDI,Uberlandia,BR,Brazil,
UDR,Udaipur,IN,India,
UEL,Quelimane,MZ,Mozambique,
UEO,Kume Jima,JP,Japan,
UET,Quetta,PK,Pakistan,
UFA,Ufa,RU,Russian Federation,
UGB,Pilot Point Ugashik Bay Apt,US,USA,
UGC,Urgench,UZ,Uzbekistan,
UGT,Bulagtai,MN,Mongolia,I
UIB,Quibdo,CO,Colombia,
UIH,Quinhon,VN,Viet Nam,
UII,Utila,HN,Honduras,
UIN,Quincy,US,USA,
UIO,Quito,EC,Ecuador,
UIP,Quimper,FR,France,
UKA,Ukunda,KE,Kenya,
UKB,Osaka Kobe Airport,JP,Japan,
UKK,Ust-Kamenogorsk,KZ,Kazakhstan,
UKS,Sevastopol,UA,Ukraine,I
UKX,Ust-Kut,RU,Russian Federation,
ULB,Ulei,VU,Vanuatu,
ULH,Al Ula,SA,Saudi Arabia,
ULK,Lensk,RU,Russian Federation,
ULN,Ulaanbaatar,MN,Mongolia,
ULO,Ulaangom,MN,Mongolia,
ULV,Ulyanovsk,RU,Russian Federation,
ULY,Ulyanovsk,RU,Russian Federation,
ULZ,Uliastai,MN,Mongolia,
UMD,Uummannaq,GL,Greenland,
UME,Umea,SE,Sweden,
UND,Kunduz,AF,Afghanistan,I
UNG,Kiunga,PG,Papua New Guinea,
UNK,Unalakleet,US,USA,
UNN,Ranong,TH,Thailand,
UPG,Makassar,ID,Indonesia,
UPK,Upernavik Kujalleq Heliport,GL,Greenland,
UPN,Uruapan,MX,Mexico,
URA,Uralsk,KZ,Kazakhstan,
URC,Urumqi,CN,China,
URG,Uruguaiana,BR,Brazil,
URJ,Uray,RU,Russian Federation,
URS,Kursk,RU,Russian Federation,
URT,Surat Thani,TH,Thailand,
URY,Gurayat,SA,Saudi Arabia,
USH,Ushuaia,AR,Argentina,
USK,Usinsk,RU,Russian Federation,
USM,Ko Samui,TH,Thailand,
USN,Ulsan,KR,Korea Republic of,
USU,Busuanga,PH,Philippines,
UTH,Udon Thani,TH,Thailand,
UTN,Upington,ZA,South Africa,
UTP,U-Tapao,TH,Thailand,
UTS,Ust-Tsilma,RU,Russian Federation,I
UTT,Umtata,ZA,South Africa,
UUA,Bugulma,RU,Russian Federation,
UUD,Ulan-Ude,RU,Russian Federation,
UUS,Yuzhno-Sakhalinsk,RU,Russian Federation,
UVE,Ouvea,NC,New Caledonia,
UVF,Hewanorra Intl,LC,Saint Lucia,
UYL,Nyala,SD,Sudan,
UYN,Yulin,CN,China,
VAA,Vaasa,FI,Finland,
VAI,Vanimo,PG,Papua New Guinea,
VAK,Chevak,US,USA,
VAM,Maamigili Island,MV,Maldives,
VAO,Suavanao,SB,Solomon Islands,
VAR,Varna,BG,Bulgaria,
VBV,Vanuabalavu Island,FJ,Fiji,
VBY,Visby,SE,Sweden,
VCA,Cantho,VN,Viet Nam,
VCE,Venice Marco Polo Apt,IT,Italy,
VCL,Tamky,VN,Viet Nam,
VCP,Sao Paulo Viracopos-Campinas Intl Apt,BR,Brazil,
VCS,Con Dao,VN,Viet Nam,
VCT,Victoria,US,USA,
VCV,Victorville,US,USA,
VDA,Ovda,IL,Israel,
VDC,Vitoria da Conquista,BR,Brazil,
VDE,Valverde,ES,Spain,
VDH,Dong Hoi,VN,Viet Nam,
VDM,Viedma,AR,Argentina,
VDS,Vadso,NO,Norway,
VDZ,Valdez,US,USA,
VEL,Vernal,US,USA,
VER,Veracruz,MX,Mexico,
VFA,Victoria Falls,ZW,Zimbabwe,
VGA,Vijayawada,IN,India,
VGO,Vigo,ES,Spain,
VHM,Vilhelmina,SE,Sweden,
VHZ,Vahitahi,PF,French Polynesia,
VIE,Vienna International,AT,Austria,
VIG,El Vigia,VE,Venezuela,
VII,Vinh City,VN,Viet Nam,
VIJ,Virgin Gorda,VG,"Virgin Islands, British",
VIL,Dakhla,MA,Morocco,
VIR,Durban Virginia Airport,ZA,South Africa,I
VIS,Visalia,US,USA,
VIT,Vitoria,ES,Spain,
VIX,Vitoria,BR,Brazil,
VKG,Rachgia,VN,Viet Nam,
VKO,Moscow Vnukovo International Apt,RU,Russian Federation,
VKT,Vorkuta,RU,Russian Federation,
VLC,Valencia Airport,ES,Spain,
VLD,Valdosta Regional Apt,US,USA,
VLI,Port Vila,VU,Vanuatu,
VLL,Valladolid Airport,ES,Spain,
VLN,Valencia,VE,Venezuela,
VLS,Valesdir,VU,Vanuatu,
VLV,Valera,VE,Venezuela,I
VLY,Anglesey,GB,United Kingdom,
VNO,Vilnius,LT,Lithuania,
VNS,Varanasi,IN,India,
VNX,Vilankulos,MZ,Mozambique,
VNY,Los Angeles Van Nuys Apt,US,USA,
VOG,Volgograd,RU,Russian Federation,
VOL,Volos,GR,Greece,
VOZ,Voronezh,RU,Russian Federation,
VPS,Destin/Ft Walton Beach Apt,US,USA,
VPY,Chimoio,MZ,Mozambique,
VQS,Vieques,PR,Puerto Rico,
VRA,Juan G Gomez Intl,CU,Cuba,
VRC,Virac,PH,Philippines,
VRN,Verona Villafranca Airport,IT,Italy,
VSA,Villahermosa,MX,Mexico,
VTE,Vientiane,LA,Lao People's Democratic Republic,
VTZ,Vishakhapatnam,IN,India,
VUP,Valledupar,CO,Colombia,
VVC,Villavicencio,CO,Colombia,
VVI,Santa Cruz Viru Viru International Apt,BO,Bolivia,
VVO,Vladivostok,RU,Russian Federation,
VVZ,Illizi,DZ,Algeria,
VXC,Lichinga,MZ,Mozambique,
VXE,Sao Vicente Island,CV,Cape Verde,
VXO,Vaxjo,SE,Sweden,
WAA,Wales,US,USA,
WAE,Wadi al Dawaser,SA,Saudi Arabia,
WAG,Wanganui,NZ,New Zealand,
WAT,Waterford,IE,Ireland Republic of,
WAW,Warsaw Frederic Chopin,PL,Poland,
WBB,Stebbins,US,USA,
WBM,Wapenamanda,PG,Papua New Guinea,
WDH,Windhoek Hosea Kutako International,NA,Namibia,
WEF,Weifang,CN,China,
WEH,Weihai,CN,China,
WEI,Weipa,AU,Australia,
WGA,Wagga Wagga,AU,Australia,
WHK,Whakatane,NZ,New Zealand,
WIC,Wick,GB,United Kingdom,
WIL,Nairobi Wilson Apt,KE,Kenya,
WJU,Won-ju,KR,Korea Republic of,
WKA,Wanaka,NZ,New Zealand,I
WKK,Aleknagik,US,USA,I
WLG,Wellington,NZ,New Zealand,
WLH,Walaha,VU,Vanuatu,
WLK,Selawik,US,USA,
WMK,Meyers Chuck,US,USA,
WMN,Maroantsetra,MG,Madagascar,
WMO,White Mountain,US,USA,
WMR,Mananara Avaratra,MG,Madagascar,I
WMX,Wamena,ID,Indonesia,
WNN,Wunnummin Lake,CA,Canada,
WNP,Naga,PH,Philippines,
WNZ,Wenzhou,CN,China,
WRE,Whangarei,NZ,New Zealand,
WRG,Wrangell,US,USA,
WRI,Wrightstown,US,USA,I
WRL,Worland,US,USA,
WRO,Wroclaw,PL,Poland,
WSN,South Naknek,US,USA,
WSZ,Westport,NZ,New Zealand,
WTK,Noatak,US,USA,
WTL,Tuntutuliak,US,USA,
WUA,Wuhai,CN,China,
WUH,Wuhan,CN,China,
WUS,Wuyishan,CN,China,
WUX,Wuxi,CN,China,
WUZ,Wuzhou,CN,China,I
WVB,Walvis Bay,NA,Namibia,
WWK,Wewak,PG,Papua New Guinea,
WWP,Whale Pass,US,USA,
WWT,Newtok,US,USA,
WXN,Wanzhou,CN,China,
WYS,West Yellowstone,US,USA,
XAP,Chapeco,BR,Brazil,
XBE,Bearskin Lake,CA,Canada,
XBJ,Birjand,IR,Iran Islamic Republic of,
XCH,Christmas Island,CX,"Christmas Island, Indian Ocean",
XCR,Paris Chalons-Vatry Airport,FR,France,
XFN,Xiangyang,CN,China,
XFW,Hamburg Finkenwerder,DE,Germany,
XGR,Kangiqsualujjuaq,CA,Canada,
XIC,Xichang,CN,China,
XIL,Xilinhot,CN,China,
XIQ,Ilimanaq,GL,Greenland,I
XIY,Xi'an Xianyang Apt,CN,China,
XJD,Al Udeid,QA,Qatar,I
XKH,Phonsavan,LA,Lao People's Democratic Republic,
XKS,Kasabonika,CA,Canada,
XMH,Manihi,PF,French Polynesia,
XMN,Xiamen,CN,China,
XNA,Fayetteville/Springdale NW Arkansas Reg,US,USA,
XNN,Xining,CN,China,
XQP,Quepos,CR,Costa Rica,I
XRY,Jerez,ES,Spain,
XSC,South Caicos,TC,Turks and Caicos Islands,
XUZ,Xuzhou,CN,China,
YAA,Anahim Lake,CA,Canada,
YAC,Cat Lake,CA,Canada,
YAG,Fort Frances,CA,Canada,
YAK,Yakutat,US,USA,
YAM,Sault Ste Marie,CA,Canada,
YAP,Yap,FM,Micronesia Federated States of,
YAT,Attawapiskat,CA,Canada,
YAX,Angling Lake,CA,Canada,
YAY,St Anthony,CA,Canada,
YBB,Pelly Bay,CA,Canada,
YBC,Baie Comeau,CA,Canada,
YBG,Bagotville,CA,Canada,
YBK,Baker Lake,CA,Canada,
YBL,Campbell River Municipal Apt,CA,Canada,
YBP,Yibin,CN,China,
YBR,Brandon,CA,Canada,
YBV,Berens River,CA,Canada,
YBX,Blanc Sablon,CA,Canada,
YCB,Cambridge Bay,CA,Canada,
YCD,Nanaimo Cassidy Apt,CA,Canada,
YCG,Castlegar,CA,Canada,
YCL,Charlo,CA,Canada,
YCO,Kugluktuk Coppermine,CA,Canada,
YCS,Chesterfield Inlet,CA,Canada,
YCU,Yuncheng,CN,China,
YCY,Clyde River,CA,Canada,
YDF,Deer Lake,CA,Canada,
YDP,Nain,CA,Canada,
YDQ,Dawson Creek,CA,Canada,
YEG,Edmonton International Apt,CA,Canada,
YEI,Bursa,TR,Turkey,
YEK,Arviat,CA,Canada,
YER,Fort Severn,CA,Canada,
YEV,Inuvik,CA,Canada,
YFA,Fort Albany,CA,Canada,
YFB,Iqaluit,CA,Canada,
YFC,Fredericton,CA,Canada,
YFH,Fort Hope,CA,Canada,
YFO,Flin Flon,CA,Canada,
YFS,Fort Simpson,CA,Canada,
YGJ,Yonago,JP,Japan,
YGK,Kingston Norman Rogers Apt,CA,Canada,
YGL,La Grande,CA,Canada,
YGP,Gaspe,CA,Canada,
YGQ,Geraldton,CA,Canada,I
YGR,Iles de la Madeleine,CA,Canada,
YGT,Igloolik,CA,Canada,
YGV,Havre St Pierre,CA,Canada,I
YGW,Kuujjuarapik,CA,Canada,
YGX,Gillam,CA,Canada,
YGZ,Grise Fiord,CA,Canada,
YHD,Dryden,CA,Canada,
YHI,Ulukhaktok,CA,Canada,
YHK,Gjoa Haven,CA,Canada,
YHM,Toronto John C Munro Hamilton,CA,Canada,
YHO,Hopedale,CA,Canada,
YHP,Poplar Hill,CA,Canada,
YHR,Chevery,CA,Canada,
YHU,Montreal St Hubert Apt,CA,Canada,
YHY,Hay River,CA,Canada,
YHZ,Halifax Stanfield International Apt,CA,Canada,
YIF,Pakuashipi,CA,Canada,
YIH,Yichang,CN,China,
YIK,Ivujivik,CA,Canada,
YIN,Yining,CN,China,
YIO,Pond Inlet,CA,Canada,
YIW,Yiwu,CN,China,
YJT,Stephenville,CA,Canada,
YKA,Kamloops,CA,Canada,
YKF,Toronto Region of Waterloo Int,CA,Canada,
YKG,Kangirsuk,CA,Canada,
YKL,Schefferville,CA,Canada,
YKM,Yakima Air Terminal,US,USA,
YKQ,Waskaganish,CA,Canada,
YKS,Yakutsk,RU,Russian Federation,
YKT,Klemtu,CA,Canada,I
YKU,Chisasibi,CA,Canada,
YLC,Kimmirut/Lake Harbour,CA,Canada,
YLE,Whati,CA,Canada,
YLH,Lansdowne House,CA,Canada,
YLL,Lloydminster,CA,Canada,
YLW,Kelowna,CA,Canada,
YMK,Mys-Kamenny,RU,Russian Federation,I
YMM,Fort McMurray,CA,Canada,
YMN,Makkovik,CA,Canada,
YMO,Moosonee,CA,Canada,
YMT,Chibougamau,CA,Canada,
YNA,Natashquan,CA,Canada,
YNB,Yanbu al Bahr,SA,Saudi Arabia,
YNC,Wemindji,CA,Canada,
YNJ,Yanji,CN,China,
YNO,North Spirit Lake,CA,Canada,
YNS,Nemiscau,CA,Canada,
YNT,Yantai,CN,China,
YNY,Yangyang,KR,Korea Republic of,
YNZ,Yancheng,CN,China,
YOG,Ogoki,CA,Canada,I
YOJ,High Level,CA,Canada,
YOL,Yola,NG,Nigeria,
YOP,Rainbow Lake,CA,Canada,I
YOW,Ottawa McDonald - Cartier Intl Apt,CA,Canada,
YPC,Paulatuk,CA,Canada,
YPH,Inukjuak,CA,Canada,
YPJ,Aupaluk,CA,Canada,
YPL,Pickle Lake,CA,Canada,
YPM,Pikangikum,CA,Canada,
YPN,Port Menier,CA,Canada,I
YPO,Peawanuck,CA,Canada,
YPR,Prince Rupert Digby Island Apt,CA,Canada,
YPW,Powell River,CA,Canada,
YPX,Puvirnituq,CA,Canada,
YQB,Quebec International Airport,CA,Canada,
YQC,Quaqtaq,CA,Canada,
YQD,The Pas,CA,Canada,
YQF,Red Deer,CA,Canada,
YQG,Windsor Apt,CA,Canada,
YQK,Kenora,CA,Canada,
YQL,Lethbridge,CA,Canada,
YQM,Greater Moncton International Airport,CA,Canada,
YQQ,Comox,CA,Canada,
YQR,Regina,CA,Canada,
YQT,Thunder Bay,CA,Canada,
YQU,Grande Prairie,CA,Canada,
YQX,Gander,CA,Canada,
YQY,Sydney,CA,Canada,
YQZ,Quesnel,CA,Canada,
YRA,Rae Lakes,CA,Canada,
YRB,Resolute,CA,Canada,
YRG,Rigolet,CA,Canada,
YRJ,Roberval,CA,Canada,I
YRL,Red Lake,CA,Canada,
YRT,Rankin Inlet,CA,Canada,
YSB,Sudbury Airport,CA,Canada,
YSG,Lutselke Snowdrift,CA,Canada,
YSJ,St John,CA,Canada,
YSK,Sanikiluaq,CA,Canada,
YSM,Fort Smith,CA,Canada,
YSY,Sachs Harbour,CA,Canada,
YTE,Cape Dorset,CA,Canada,
YTF,Alma,CA,Canada,I
YTH,Thompson,CA,Canada,
YTL,Big Trout Lake,CA,Canada,
YTQ,Tasiujuaq,CA,Canada,
YTS,Timmins,CA,Canada,
YTZ,Toronto Bishop Billy City A/P,CA,Canada,
YUB,Tuktoyaktuk,CA,Canada,
YUD,Umiujaq,CA,Canada,
YUL,Montreal Pierre Elliott Trudeau Int Apt,CA,Canada,
YUM,Yuma International Apt,US,USA,
YUS,Yushu,CN,China,
YUT,Repulse Bay,CA,Canada,
YUX,Hall Beach,CA,Canada,
YUY,Rouyn,CA,Canada,
YVB,Bonaventure,CA,Canada,
YVM,Qikiqtarjuaq,CA,Canada,
YVO,Val D'Or,CA,Canada,
YVP,Kuujjuaq,CA,Canada,
YVQ,Norman Wells,CA,Canada,
YVR,Vancouver International Apt,CA,Canada,
YVZ,Deer Lake,CA,Canada,
YWB,Kangiqsujuaq,CA,Canada,
YWG,Winnipeg J.A. Richardson Intl Apt,CA,Canada,
YWH,Victoria Inner Harbour Apt,CA,Canada,
YWK,Wabush,CA,Canada,
YWL,Williams Lake,CA,Canada,
YWP,Webequie,CA,Canada,
YXC,Cranbrook,CA,Canada,
YXE,Saskatoon,CA,Canada,
YXH,Medicine Hat,CA,Canada,
YXJ,Fort St John,CA,Canada,
YXL,Sioux Lookout,CA,Canada,
YXN,Whale Cove,CA,Canada,
YXP,Pangnirtung,CA,Canada,
YXS,Prince George Airport,CA,Canada,
YXT,Terrace,CA,Canada,
YXU,London International,CA,Canada,
YXX,Abbotsford,CA,Canada,
YXY,Whitehorse,CA,Canada,
YYB,North Bay,CA,Canada,
YYC,Calgary,CA,Canada,
YYD,Smithers,CA,Canada,
YYE,Fort Nelson,CA,Canada,
YYF,Penticton,CA,Canada,
YYG,Charlottetown,CA,Canada,
YYH,Taloyoak,CA,Canada,
YYJ,Victoria International Apt,CA,Canada,
YYQ,Churchill Airport,CA,Canada,
YYR,Goose Bay,CA,Canada,
YYT,St Johns,CA,Canada,
YYU,Kapuskasing,CA,Canada,
YYY,Mont Joli,CA,Canada,
YYZ,Toronto Lester B Pearson Intl,CA,Canada,
YZF,Yellowknife,CA,Canada,
YZG,Salluit,CA,Canada,
YZP,Sandspit,CA,Canada,
YZR,Sarnia Chris Hadfield Apt,CA,Canada,
YZS,Coral Harbour,CA,Canada,
YZT,Port Hardy,CA,Canada,
YZV,Sept-Iles,CA,Canada,
YZY,Zhangye,CN,China,
YZZ,Trail,CA,Canada,
ZAD,Zadar,HR,Croatia,
ZAG,Zagreb,HR,Croatia,
ZAH,Zahedan,IR,Iran Islamic Republic of,
ZAJ,Zaranj,AF,Afghanistan,
ZAL,Valdivia,CL,Chile,
ZAM,Zamboanga,PH,Philippines,
ZAT,Zhaotong,CN,China,
ZAZ,Zaragoza Airport,ES,Spain,
ZBF,Bathurst,CA,Canada,
ZBR,Chah Bahar,IR,Iran Islamic Republic of,
ZCL,Zacatecas,MX,Mexico,
ZCO,Temuco,CL,Chile,
ZEL,Bella Bella,CA,Canada,
ZEM,East Main,CA,Canada,
ZFM,Fort McPherson,CA,Canada,
ZGU,Gaua,VU,Vanuatu,
ZHA,Zhanjiang,CN,China,
ZHY,Zhongwei,CN,China,
ZIH,Ixtapa/Zihuatanejo,MX,Mexico,
ZKE,Kashechewan,CA,Canada,
ZKG,Kegaska,CA,Canada,
ZLO,Manzanillo,MX,Mexico,
ZLT,La Tabatiere,CA,Canada,
ZMT,Masset,CA,Canada,
ZNE,Newman,AU,Australia,
ZNZ,Zanzibar,TZ,Tanzania United Republic of,
ZOS,Osorno,CL,Chile,
ZPB,Sachigo Lake,CA,Canada,
ZQN,Queenstown,NZ,New Zealand,
ZQW,Zweibruecken Airport,DE,Germany,I
ZQZ,Zhangjiakou,CN,China,
ZRH,Zurich Airport,CH,Switzerland,
ZRJ,Round Lake,CA,Canada,
ZSA,San Salvador,BS,Bahamas,
ZSE,St-Pierre,RE,Reunion,
ZSJ,Sandy Lake,CA,Canada,
ZTA,Tureia,PF,French Polynesia,
ZTB,Tete-a-La Baleine,CA,Canada,
ZTH,Zakinthos Island,GR,Greece,
ZUH,Zhuhai,CN,China,
ZUM,Churchill Falls,CA,Canada,
ZVK,Savannakhet,LA,Lao People's Democratic Republic,
ZYI,Zunyi,CN,China,
ZYL,Sylhet,BD,Bangladesh,
